date,max,min
01-01-2008,6.0,-0.2
02-01-2008,7.0,3.7
03-01-2008,7.8,4.4
04-01-2008,8.6,3.5
05-01-2008,10.6,4.9
06-01-2008,12.6,8.6
07-01-2008,10.8,8.1
08-01-2008,11.2,7.0
09-01-2008,10.1,7.1
10-01-2008,10.8,7.6
11-01-2008,9.3,2.8
12-01-2008,9.3,1.8
13-01-2008,7.9,0.0
14-01-2008,9.8,4.3
15-01-2008,8.6,3.2
16-01-2008,12.0,7.2
17-01-2008,11.7,5.6
18-01-2008,11.2,5.5
19-01-2008,15.2,5.3
20-01-2008,15.0,5.2
21-01-2008,14.8,4.4
22-01-2008,15.5,4.6
23-01-2008,14.6,4.4
24-01-2008,12.8,5.6
25-01-2008,10.8,7.0
26-01-2008,12.3,4.8
27-01-2008,13.6,3.6
28-01-2008,15.7,2.7
29-01-2008,14.5,4.1
30-01-2008,13.5,2.3
31-01-2008,10.5,2.4
01-02-2008,8.2,2.0
02-02-2008,10.0,2.0
03-02-2008,9.2,4.9
04-02-2008,10.8,5.0
05-02-2008,10.4,2.8
06-02-2008,14.2,2.3
07-02-2008,15.1,6.8
08-02-2008,16.2,5.5
09-02-2008,14.3,5.0
10-02-2008,13.3,2.6
11-02-2008,13.0,2.5
12-02-2008,10.5,4.2
13-02-2008,9.9,3.5
14-02-2008,9.6,6.8
15-02-2008,12.0,6.8
16-02-2008,14.4,4.7
17-02-2008,10.5,4.2
18-02-2008,9.0,6.3
19-02-2008,11.3,8.4
20-02-2008,14.2,8.5
21-02-2008,15.2,8.2
22-02-2008,16.4,7.4
23-02-2008,15.6,6.6
24-02-2008,12.0,6.9
25-02-2008,13.6,8.4
26-02-2008,16.4,6.0
27-02-2008,18.2,7.5
28-02-2008,16.1,8.9
29-02-2008,17.6,7.9
01-03-2008,18.2,7.2
02-03-2008,19.7,8.4
03-03-2008,20.6,8.7
04-03-2008,11.6,3.9
05-03-2008,10.6,1.4
06-03-2008,13.4,-0.8
07-03-2008,17.7,0.9
08-03-2008,16.0,4.6
09-03-2008,15.4,5.6
10-03-2008,10.9,5.1
11-03-2008,19.2,8.3
12-03-2008,19.5,8.0
13-03-2008,20.4,8.8
14-03-2008,22.0,9.0
15-03-2008,18.2,9.8
16-03-2008,18.0,6.9
17-03-2008,17.9,7.3
18-03-2008,14.2,5.6
19-03-2008,16.2,4.2
20-03-2008,14.2,2.4
21-03-2008,18.0,2.4
22-03-2008,14.2,1.2
23-03-2008,9.1,0.7
24-03-2008,14.0,3.4
25-03-2008,18.2,5.0
26-03-2008,12.9,6.8
27-03-2008,14.0,6.7
28-03-2008,18.9,7.5
29-03-2008,21.5,9.8
30-03-2008,15.0,6.2
31-03-2008,16.2,5.0
01-04-2008,19.0,6.4
02-04-2008,23.0,8.8
03-04-2008,25.9,10.7
04-04-2008,25.6,10.4
05-04-2008,23.0,9.4
06-04-2008,25.0,9.3
07-04-2008,18.4,9.0
08-04-2008,14.8,8.3
09-04-2008,17.5,10.9
10-04-2008,15.8,8.8
11-04-2008,11.5,5.5
12-04-2008,15.2,4.2
13-04-2008,15.6,5.0
14-04-2008,17.1,5.9
15-04-2008,18.8,7.0
16-04-2008,21.0,9.8
17-04-2008,13.7,8.0
18-04-2008,14.2,7.2
19-04-2008,12.6,6.8
20-04-2008,14.0,6.3
21-04-2008,16.5,7.6
22-04-2008,19.0,8.0
23-04-2008,21.0,10.2
24-04-2008,23.8,11.1
25-04-2008,26.0,14.0
26-04-2008,27.2,13.4
27-04-2008,26.8,13.8
28-04-2008,20.5,10.5
29-04-2008,20.1,8.2
30-04-2008,18.0,6.9
01-05-2008,21.0,7.5
02-05-2008,24.2,10.5
03-05-2008,26.2,12.9
04-05-2008,25.7,15.0
05-05-2008,26.8,15.0
06-05-2008,27.2,16.0
07-05-2008,23.7,14.2
08-05-2008,15.7,11.8
09-05-2008,17.8,12.0
10-05-2008,12.2,9.0
11-05-2008,19.7,9.6
12-05-2008,20.0,10.0
13-05-2008,19.5,11.6
14-05-2008,17.6,11.4
15-05-2008,18.5,11.1
16-05-2008,19.2,11.2
17-05-2008,19.4,11.1
18-05-2008,19.5,8.6
19-05-2008,18.0,7.6
20-05-2008,22.2,8.9
21-05-2008,21.2,11.2
22-05-2008,22.8,11.4
23-05-2008,17.8,11.4
24-05-2008,16.8,10.0
25-05-2008,14.3,9.8
26-05-2008,17.5,8.6
27-05-2008,19.0,8.6
28-05-2008,17.3,10.2
29-05-2008,18.6,11.6
30-05-2008,19.4,10.6
31-05-2008,19.7,10.8
01-06-2008,20.0,11.2
02-06-2008,21.0,12.0
03-06-2008,22.9,12.7
04-06-2008,25.0,13.0
05-06-2008,22.0,14.6
06-06-2008,23.8,10.8
07-06-2008,24.0,10.5
08-06-2008,18.6,10.8
09-06-2008,16.5,10.5
10-06-2008,19.9,12.7
11-06-2008,21.4,12.4
12-06-2008,25.2,13.0
13-06-2008,26.3,13.4
14-06-2008,28.7,14.3
15-06-2008,25.5,16.1
16-06-2008,23.4,13.9
17-06-2008,23.7,13.3
18-06-2008,28.8,14.2
19-06-2008,31.2,16.4
20-06-2008,32.7,17.4
21-06-2008,34.0,21.3
22-06-2008,34.5,20.6
23-06-2008,29.5,17.0
24-06-2008,28.2,15.6
25-06-2008,32.4,19.2
26-06-2008,34.4,21.4
27-06-2008,33.5,20.2
28-06-2008,34.2,20.6
29-06-2008,35.0,22.4
30-06-2008,34.6,21.6
01-07-2008,34.0,21.3
02-07-2008,28.6,17.6
03-07-2008,27.0,14.0
04-07-2008,31.4,16.2
05-07-2008,32.5,18.5
06-07-2008,29.0,18.3
07-07-2008,27.6,14.0
08-07-2008,31.0,16.8
09-07-2008,33.0,18.0
10-07-2008,33.2,18.1
11-07-2008,31.5,18.3
12-07-2008,26.4,15.1
13-07-2008,27.0,12.6
14-07-2008,29.4,15.6
15-07-2008,31.0,18.1
16-07-2008,29.3,17.0
17-07-2008,30.8,17.0
18-07-2008,34.0,19.6
19-07-2008,37.2,22.3
20-07-2008,34.6,22.0
21-07-2008,35.0,21.2
22-07-2008,34.3,18.3
23-07-2008,37.0,21.7
24-07-2008,31.6,21.2
25-07-2008,31.5,18.2
26-07-2008,31.5,19.2
27-07-2008,34.0,19.1
28-07-2008,31.5,19.0
29-07-2008,33.6,18.7
30-07-2008,33.6,19.0
31-07-2008,34.0,18.0
01-08-2008,32.3,19.8
02-08-2008,34.8,20.8
03-08-2008,36.6,23.2
04-08-2008,38.0,24.2
05-08-2008,37.4,23.4
06-08-2008,36.6,22.1
07-08-2008,32.8,20.4
08-08-2008,32.0,18.0
09-08-2008,33.0,18.8
10-08-2008,35.5,21.1
11-08-2008,32.0,21.2
12-08-2008,29.2,18.1
13-08-2008,29.6,16.6
14-08-2008,27.0,17.0
15-08-2008,26.4,13.4
16-08-2008,29.2,15.7
17-08-2008,29.0,15.6
18-08-2008,32.2,16.0
19-08-2008,31.6,17.6
20-08-2008,31.0,17.3
21-08-2008,33.3,19.4
22-08-2008,31.8,19.7
23-08-2008,30.8,17.7
24-08-2008,32.0,18.7
25-08-2008,35.0,19.5
26-08-2008,32.8,20.5
27-08-2008,32.1,21.8
28-08-2008,33.3,20.4
29-08-2008,33.5,20.8
30-08-2008,28.6,19.6
31-08-2008,28.7,17.5
01-09-2008,30.6,18.6
02-09-2008,30.4,17.6
03-09-2008,28.0,17.0
04-09-2008,26.1,16.4
05-09-2008,22.6,17.2
06-09-2008,23.6,14.0
07-09-2008,25.4,13.4
08-09-2008,29.9,16.8
09-09-2008,28.9,14.5
10-09-2008,28.9,13.8
11-09-2008,27.7,16.0
12-09-2008,21.6,11.9
13-09-2008,22.6,11.2
14-09-2008,24.0,10.6
15-09-2008,27.8,11.6
16-09-2008,29.7,14.2
17-09-2008,28.2,15.2
18-09-2008,26.6,16.3
19-09-2008,27.2,15.3
20-09-2008,28.0,16.5
21-09-2008,23.8,16.4
22-09-2008,20.4,15.7
23-09-2008,23.4,14.8
24-09-2008,21.9,12.3
25-09-2008,21.8,11.4
26-09-2008,21.7,11.0
27-09-2008,22.0,13.8
28-09-2008,18.7,13.2
29-09-2008,22.6,12.7
30-09-2008,23.0,11.4
01-10-2008,23.4,11.4
02-10-2008,24.8,11.2
03-10-2008,17.6,10.0
04-10-2008,16.5,6.5
05-10-2008,21.6,7.2
06-10-2008,23.2,8.8
07-10-2008,17.8,9.5
08-10-2008,18.0,9.7
09-10-2008,18.3,9.3
10-10-2008,22.8,12.6
11-10-2008,20.7,13.6
12-10-2008,21.8,13.6
13-10-2008,20.8,13.8
14-10-2008,21.4,14.6
15-10-2008,22.8,12.7
16-10-2008,22.8,12.3
17-10-2008,22.7,14.1
18-10-2008,17.9,13.8
19-10-2008,19.5,13.8
20-10-2008,20.8,14.9
21-10-2008,19.0,14.0
22-10-2008,14.3,8.2
23-10-2008,14.8,8.2
24-10-2008,17.0,7.4
25-10-2008,20.0,10.4
26-10-2008,20.7,10.2
27-10-2008,20.0,9.2
28-10-2008,13.1,5.4
29-10-2008,10.5,2.8
30-10-2008,10.4,4.0
31-10-2008,10.0,6.9
01-11-2008,11.0,6.0
02-11-2008,11.7,6.4
03-11-2008,10.8,3.2
04-11-2008,10.0,4.6
05-11-2008,12.7,5.0
06-11-2008,14.0,3.0
07-11-2008,11.8,4.0
08-11-2008,14.1,7.0
09-11-2008,13.1,2.0
10-11-2008,14.6,5.4
11-11-2008,12.6,6.4
12-11-2008,12.6,5.6
13-11-2008,12.5,4.3
14-11-2008,13.8,2.4
15-11-2008,14.6,3.4
16-11-2008,15.4,5.2
17-11-2008,16.5,5.3
18-11-2008,10.3,3.1
19-11-2008,14.4,6.4
20-11-2008,12.3,4.8
21-11-2008,13.7,4.0
22-11-2008,15.8,6.1
23-11-2008,14.1,7.3
24-11-2008,12.0,4.4
25-11-2008,8.3,2.0
26-11-2008,7.4,0.6
27-11-2008,7.7,-0.6
28-11-2008,5.8,-3.0
29-11-2008,6.5,2.5
30-11-2008,6.4,1.2
01-12-2008,5.2,0.8
02-12-2008,7.8,1.2
03-12-2008,5.2,1.7
04-12-2008,9.0,0.8
05-12-2008,15.0,8.6
06-12-2008,10.4,6.2
07-12-2008,11.0,8.6
08-12-2008,10.8,8.8
09-12-2008,9.0,4.6
10-12-2008,8.8,1.0
11-12-2008,7.5,0.0
12-12-2008,7.6,1.2
13-12-2008,4.3,-0.4
14-12-2008,5.4,0.5
15-12-2008,6.7,-0.8
16-12-2008,11.0,-0.2
17-12-2008,10.8,0.4
18-12-2008,10.7,1.0
19-12-2008,12.0,2.6
20-12-2008,13.4,1.6
21-12-2008,15.4,2.7
22-12-2008,15.8,3.7
23-12-2008,14.8,1.2
24-12-2008,13.5,2.5
25-12-2008,11.0,0.6
26-12-2008,7.1,-0.5
27-12-2008,8.1,1.4
28-12-2008,8.7,4.3
29-12-2008,9.7,6.3
30-12-2008,11.7,7.2
31-12-2008,10.4,7.1
01-01-2009,10.2,7.3
02-01-2009,11.8,7.3
03-01-2009,9.4,6.7
04-01-2009,8.8,2.8
05-01-2009,5.7,1.4
06-01-2009,6.8,0.0
07-01-2009,3.6,-2.1
08-01-2009,2.0,-3.5
09-01-2009,1.0,-1.2
10-01-2009,1.4,-4.0
11-01-2009,5.6,-1.4
12-01-2009,6.1,-3.0
13-01-2009,3.2,-0.3
14-01-2009,2.2,0.4
15-01-2009,5.3,1.5
16-01-2009,8.2,-0.2
17-01-2009,9.8,0.7
18-01-2009,8.5,0.0
19-01-2009,11.0,5.4
20-01-2009,7.4,1.4
21-01-2009,6.8,-0.2
22-01-2009,11.8,3.0
23-01-2009,13.8,10.7
24-01-2009,10.7,4.8
25-01-2009,8.0,3.4
26-01-2009,8.7,0.7
27-01-2009,11.0,4.2
28-01-2009,13.6,6.2
29-01-2009,15.8,9.3
30-01-2009,13.0,6.0
31-01-2009,10.6,3.2
01-02-2009,4.0,0.6
02-02-2009,5.9,3.6
03-02-2009,5.6,2.2
04-02-2009,10.2,4.3
05-02-2009,7.7,3.8
06-02-2009,5.9,1.0
07-02-2009,7.1,0.3
08-02-2009,9.8,1.6
09-02-2009,11.0,6.5
10-02-2009,12.3,5.6
11-02-2009,12.5,2.0
12-02-2009,13.8,2.2
13-02-2009,14.6,2.2
14-02-2009,15.5,1.7
15-02-2009,12.6,4.4
16-02-2009,11.4,2.5
17-02-2009,13.3,3.0
18-02-2009,17.2,2.0
19-02-2009,15.5,3.2
20-02-2009,12.0,4.5
21-02-2009,15.2,3.2
22-02-2009,15.0,3.8
23-02-2009,17.5,4.0
24-02-2009,17.5,5.0
25-02-2009,16.4,5.1
26-02-2009,16.3,5.2
27-02-2009,18.2,4.1
28-02-2009,12.8,8.0
01-03-2009,11.8,7.4
02-03-2009,11.7,5.2
03-03-2009,9.6,5.0
04-03-2009,12.0,4.2
05-03-2009,10.3,2.8
06-03-2009,14.7,4.0
07-03-2009,18.1,7.9
08-03-2009,20.0,4.8
09-03-2009,19.0,6.8
10-03-2009,19.0,6.2
11-03-2009,21.8,7.4
12-03-2009,20.8,7.5
13-03-2009,22.2,8.4
14-03-2009,22.9,9.2
15-03-2009,22.4,11.4
16-03-2009,23.2,9.4
17-03-2009,18.9,8.5
18-03-2009,20.0,6.5
19-03-2009,21.8,6.3
20-03-2009,23.5,10.2
21-03-2009,20.4,8.3
22-03-2009,18.5,6.8
23-03-2009,20.6,7.3
24-03-2009,21.2,8.6
25-03-2009,19.7,4.7
26-03-2009,22.9,6.3
27-03-2009,23.8,8.0
28-03-2009,18.0,4.6
29-03-2009,11.6,3.4
30-03-2009,10.6,4.1
31-03-2009,12.7,4.4
01-04-2009,16.6,2.2
02-04-2009,17.9,5.2
03-04-2009,21.4,7.5
04-04-2009,22.2,9.2
05-04-2009,23.3,10.2
06-04-2009,22.1,9.3
07-04-2009,16.0,8.4
08-04-2009,18.8,4.0
09-04-2009,21.2,7.4
10-04-2009,14.0,5.5
11-04-2009,13.4,2.5
12-04-2009,15.5,3.1
13-04-2009,19.4,3.4
14-04-2009,12.8,6.4
15-04-2009,12.8,5.0
16-04-2009,13.2,5.0
17-04-2009,12.9,3.7
18-04-2009,16.4,6.3
19-04-2009,17.8,6.4
20-04-2009,18.8,8.0
21-04-2009,22.0,5.7
22-04-2009,22.7,6.2
23-04-2009,25.4,8.4
24-04-2009,26.0,10.9
25-04-2009,19.1,10.2
26-04-2009,14.0,7.6
27-04-2009,19.7,5.0
28-04-2009,18.7,10.4
29-04-2009,21.4,8.6
30-04-2009,17.5,9.0
01-05-2009,19.5,8.3
02-05-2009,23.6,8.7
03-05-2009,26.0,11.0
04-05-2009,26.3,11.3
05-05-2009,27.2,10.4
06-05-2009,29.4,14.4
07-05-2009,29.8,15.5
08-05-2009,28.0,16.6
09-05-2009,26.1,13.2
10-05-2009,22.0,12.6
11-05-2009,23.3,12.0
12-05-2009,23.2,12.0
13-05-2009,23.0,10.4
14-05-2009,19.9,11.8
15-05-2009,22.4,8.4
16-05-2009,26.4,11.0
17-05-2009,23.5,13.4
18-05-2009,25.7,12.2
19-05-2009,28.6,11.8
20-05-2009,32.3,15.4
21-05-2009,30.0,17.5
22-05-2009,30.3,16.2
23-05-2009,16.8,12.1
24-05-2009,23.0,12.2
25-05-2009,22.4,12.9
26-05-2009,24.2,11.7
27-05-2009,25.6,10.2
28-05-2009,29.2,14.4
29-05-2009,29.9,15.0
30-05-2009,30.8,15.9
31-05-2009,31.2,16.6
01-06-2009,32.5,16.8
02-06-2009,32.1,16.4
03-06-2009,31.5,18.0
04-06-2009,27.5,18.7
05-06-2009,22.4,13.2
06-06-2009,20.2,11.6
07-06-2009,22.1,10.8
08-06-2009,18.2,12.2
09-06-2009,21.6,11.0
10-06-2009,28.3,13.4
11-06-2009,32.0,16.3
12-06-2009,36.2,20.0
13-06-2009,38.4,20.5
14-06-2009,31.9,21.2
15-06-2009,32.4,18.0
16-06-2009,27.3,18.7
17-06-2009,32.0,18.3
18-06-2009,36.2,21.6
19-06-2009,36.2,21.8
20-06-2009,34.6,19.6
21-06-2009,32.4,14.4
22-06-2009,34.2,18.0
23-06-2009,34.6,20.5
24-06-2009,31.7,18.4
25-06-2009,28.0,17.8
26-06-2009,26.4,16.0
27-06-2009,30.2,15.4
28-06-2009,29.0,17.4
29-06-2009,32.4,18.8
30-06-2009,34.4,20.4
01-07-2009,35.5,21.6
02-07-2009,34.8,20.3
03-07-2009,34.6,20.0
04-07-2009,32.6,19.4
05-07-2009,31.7,17.7
06-07-2009,31.4,17.2
07-07-2009,31.8,18.6
08-07-2009,32.4,17.0
09-07-2009,33.6,19.4
10-07-2009,34.0,19.8
11-07-2009,35.0,20.5
12-07-2009,36.0,18.5
13-07-2009,36.0,19.4
14-07-2009,30.8,19.3
15-07-2009,32.5,16.8
16-07-2009,34.6,19.3
17-07-2009,28.2,17.0
18-07-2009,29.6,13.6
19-07-2009,34.0,17.2
20-07-2009,31.3,21.2
21-07-2009,37.6,21.2
22-07-2009,33.8,21.2
23-07-2009,28.6,17.4
24-07-2009,30.6,17.6
25-07-2009,34.7,19.0
26-07-2009,37.2,19.9
27-07-2009,35.6,19.7
28-07-2009,35.2,20.0
29-07-2009,34.4,19.8
30-07-2009,35.0,19.5
31-07-2009,35.4,20.0
01-08-2009,30.6,19.0
02-08-2009,29.0,16.4
03-08-2009,32.7,18.5
04-08-2009,35.0,20.6
05-08-2009,36.6,22.4
06-08-2009,34.4,20.7
07-08-2009,33.4,21.4
08-08-2009,32.6,20.2
09-08-2009,31.4,18.8
10-08-2009,31.4,18.0
11-08-2009,32.0,18.6
12-08-2009,34.2,21.3
13-08-2009,35.2,22.8
14-08-2009,34.2,21.0
15-08-2009,35.2,21.6
16-08-2009,36.7,20.8
17-08-2009,37.4,21.2
18-08-2009,36.7,24.2
19-08-2009,36.6,22.0
20-08-2009,36.0,22.1
21-08-2009,36.3,21.1
22-08-2009,36.6,20.6
23-08-2009,37.5,23.0
24-08-2009,32.6,20.9
25-08-2009,30.8,20.4
26-08-2009,32.4,19.2
27-08-2009,34.6,18.6
28-08-2009,36.8,20.2
29-08-2009,34.0,19.8
30-08-2009,35.8,21.2
31-08-2009,35.6,22.4
01-09-2009,31.6,22.2
02-09-2009,30.7,19.3
03-09-2009,32.0,16.4
04-09-2009,32.2,19.2
05-09-2009,30.4,16.3
06-09-2009,31.7,22.0
07-09-2009,32.8,20.6
08-09-2009,32.0,20.3
09-09-2009,30.6,20.0
10-09-2009,31.8,19.2
11-09-2009,30.5,19.0
12-09-2009,29.4,18.7
13-09-2009,28.0,17.0
14-09-2009,25.2,15.3
15-09-2009,23.0,12.0
16-09-2009,21.0,11.8
17-09-2009,13.7,10.0
18-09-2009,18.0,9.6
19-09-2009,21.8,10.6
20-09-2009,24.1,11.6
21-09-2009,23.6,12.8
22-09-2009,26.3,13.7
23-09-2009,27.3,17.1
24-09-2009,27.4,14.5
25-09-2009,27.6,16.0
26-09-2009,27.6,15.8
27-09-2009,25.7,15.9
28-09-2009,24.8,14.8
29-09-2009,22.0,15.0
30-09-2009,22.0,14.6
01-10-2009,23.2,15.4
02-10-2009,25.2,14.0
03-10-2009,25.6,12.8
04-10-2009,26.5,13.2
05-10-2009,27.8,15.4
06-10-2009,27.3,17.0
07-10-2009,24.4,15.0
08-10-2009,21.5,14.0
09-10-2009,23.0,13.4
10-10-2009,24.0,13.8
11-10-2009,25.4,14.8
12-10-2009,26.2,13.2
13-10-2009,22.8,11.4
14-10-2009,24.8,12.6
15-10-2009,22.9,13.0
16-10-2009,17.7,7.3
17-10-2009,21.4,7.6
18-10-2009,22.0,7.0
19-10-2009,20.2,8.2
20-10-2009,15.0,11.0
21-10-2009,13.4,8.6
22-10-2009,16.7,10.0
23-10-2009,18.5,8.4
24-10-2009,20.4,10.6
25-10-2009,20.6,12.0
26-10-2009,22.8,14.3
27-10-2009,22.4,13.8
28-10-2009,22.4,13.0
29-10-2009,23.2,13.2
30-10-2009,23.4,12.0
31-10-2009,22.4,12.6
01-11-2009,22.7,13.0
02-11-2009,17.1,9.8
03-11-2009,20.0,7.8
04-11-2009,16.8,9.8
05-11-2009,13.2,7.9
06-11-2009,16.6,8.0
07-11-2009,14.6,7.9
08-11-2009,14.5,8.1
09-11-2009,14.8,6.0
10-11-2009,15.7,5.0
11-11-2009,17.6,8.2
12-11-2009,16.4,7.0
13-11-2009,16.5,7.0
14-11-2009,16.4,8.8
15-11-2009,16.4,10.0
16-11-2009,19.6,8.5
17-11-2009,17.4,9.7
18-11-2009,18.6,11.0
19-11-2009,17.6,9.7
20-11-2009,16.0,7.2
21-11-2009,15.0,9.0
22-11-2009,15.0,8.2
23-11-2009,14.0,5.0
24-11-2009,15.0,3.8
25-11-2009,12.5,4.2
26-11-2009,11.0,8.4
27-11-2009,11.6,5.4
28-11-2009,10.5,4.0
29-11-2009,8.6,4.0
30-11-2009,9.0,3.0
01-12-2009,9.2,3.4
02-12-2009,11.7,7.2
03-12-2009,11.7,7.2
04-12-2009,12.6,4.2
05-12-2009,7.4,2.6
06-12-2009,11.3,5.1
07-12-2009,10.5,8.0
08-12-2009,11.6,6.6
09-12-2009,10.8,4.7
10-12-2009,13.0,3.1
11-12-2009,13.0,4.0
12-12-2009,11.6,1.0
13-12-2009,7.0,1.0
14-12-2009,6.2,-1.6
15-12-2009,5.5,-2.6
16-12-2009,1.4,-2.0
17-12-2009,11.7,1.8
18-12-2009,4.6,0.0
19-12-2009,4.4,-1.8
20-12-2009,2.8,-5.0
21-12-2009,3.8,-2.2
22-12-2009,10.4,3.8
23-12-2009,12.4,5.4
24-12-2009,13.6,7.1
25-12-2009,8.4,2.6
26-12-2009,9.5,3.5
27-12-2009,6.7,1.0
28-12-2009,10.4,4.2
29-12-2009,13.6,10.4
30-12-2009,12.0,7.4
31-12-2009,9.8,2.4
01-01-2010,7.6,3.6
02-01-2010,7.5,2.6
03-01-2010,7.4,4.2
04-01-2010,9.2,6.4
05-01-2010,9.8,6.2
06-01-2010,6.8,3.6
07-01-2010,3.6,0.6
08-01-2010,3.0,-0.2
09-01-2010,2.4,-1.8
10-01-2010,0.1,-3.8
11-01-2010,2.0,-2.8
12-01-2010,3.8,-0.6
13-01-2010,7.9,1.4
14-01-2010,10.5,6.4
15-01-2010,8.0,2.2
16-01-2010,9.0,4.4
17-01-2010,11.4,8.4
18-01-2010,12.8,8.3
19-01-2010,11.2,7.0
20-01-2010,12.0,5.0
21-01-2010,9.0,3.0
22-01-2010,8.4,3.4
23-01-2010,10.8,6.4
24-01-2010,11.5,6.0
25-01-2010,8.4,2.1
26-01-2010,8.5,0.3
27-01-2010,4.3,0.5
28-01-2010,9.4,-2.1
29-01-2010,11.6,-0.2
30-01-2010,10.3,3.5
31-01-2010,10.2,3.2
01-02-2010,9.7,2.5
02-02-2010,9.5,0.2
03-02-2010,12.6,0.8
04-02-2010,9.6,6.2
05-02-2010,12.4,7.0
06-02-2010,14.0,5.2
07-02-2010,11.4,3.8
08-02-2010,11.4,7.0
09-02-2010,11.6,3.7
10-02-2010,7.5,0.8
11-02-2010,6.1,-1.1
12-02-2010,6.4,-1.6
13-02-2010,5.0,-2.2
14-02-2010,5.2,-3.0
15-02-2010,2.2,0.4
16-02-2010,6.8,1.7
17-02-2010,10.2,4.8
18-02-2010,7.8,2.2
19-02-2010,8.5,3.2
20-02-2010,9.6,1.0
21-02-2010,6.6,1.8
22-02-2010,11.6,6.0
23-02-2010,11.4,6.6
24-02-2010,12.7,3.7
25-02-2010,12.0,8.5
26-02-2010,11.2,4.8
27-02-2010,19.0,7.0
28-02-2010,12.4,5.0
01-03-2010,12.3,4.6
02-03-2010,14.2,5.5
03-03-2010,13.5,6.4
04-03-2010,16.0,5.4
05-03-2010,10.2,2.8
06-03-2010,5.0,1.0
07-03-2010,9.0,4.3
08-03-2010,5.3,0.2
09-03-2010,10.2,-1.0
10-03-2010,8.4,-1.2
11-03-2010,8.2,-0.2
12-03-2010,6.0,3.0
13-03-2010,10.6,-1.6
14-03-2010,13.2,1.7
15-03-2010,15.8,2.3
16-03-2010,18.0,4.8
17-03-2010,18.6,5.9
18-03-2010,17.7,8.6
19-03-2010,16.2,9.8
20-03-2010,18.8,11.6
21-03-2010,16.5,9.8
22-03-2010,19.5,8.0
23-03-2010,18.6,9.6
24-03-2010,18.9,10.0
25-03-2010,12.5,6.2
26-03-2010,11.8,4.4
27-03-2010,16.5,5.6
28-03-2010,18.8,7.4
29-03-2010,14.4,8.8
30-03-2010,13.4,5.4
31-03-2010,14.4,4.4
01-04-2010,14.0,5.2
02-04-2010,16.0,3.9
03-04-2010,13.2,6.1
04-04-2010,15.6,3.4
05-04-2010,18.6,5.6
06-04-2010,18.4,6.4
07-04-2010,17.1,8.4
08-04-2010,19.5,5.0
09-04-2010,19.0,6.2
10-04-2010,20.6,8.2
11-04-2010,21.6,7.2
12-04-2010,20.3,8.6
13-04-2010,10.0,5.8
14-04-2010,12.5,7.6
15-04-2010,15.1,8.4
16-04-2010,18.0,10.1
17-04-2010,16.0,9.4
18-04-2010,14.6,8.8
19-04-2010,18.8,8.5
20-04-2010,21.0,9.2
21-04-2010,22.3,11.8
22-04-2010,21.0,12.4
23-04-2010,20.6,11.0
24-04-2010,23.0,10.2
25-04-2010,25.7,12.4
26-04-2010,26.9,14.4
27-04-2010,29.0,14.0
28-04-2010,28.4,15.4
29-04-2010,25.7,15.8
30-04-2010,24.0,13.6
01-05-2010,23.2,13.6
02-05-2010,22.3,11.6
03-05-2010,16.0,7.0
04-05-2010,13.8,5.9
05-05-2010,15.4,3.6
06-05-2010,18.2,3.4
07-05-2010,17.9,8.2
08-05-2010,16.5,7.5
09-05-2010,16.4,10.4
10-05-2010,17.2,8.0
11-05-2010,16.5,7.2
12-05-2010,16.5,10.0
13-05-2010,13.0,6.4
14-05-2010,15.7,5.8
15-05-2010,17.0,6.8
16-05-2010,20.0,7.3
17-05-2010,24.0,8.4
18-05-2010,26.2,11.4
19-05-2010,27.6,11.6
20-05-2010,25.6,12.1
21-05-2010,28.0,14.0
22-05-2010,28.8,15.2
23-05-2010,28.6,15.6
24-05-2010,27.8,15.4
25-05-2010,23.9,16.0
26-05-2010,24.6,14.4
27-05-2010,23.9,13.8
28-05-2010,22.7,13.4
29-05-2010,26.6,12.6
30-05-2010,30.3,14.7
31-05-2010,31.8,17.7
01-06-2010,31.4,18.9
02-06-2010,30.2,18.9
03-06-2010,31.5,18.4
04-06-2010,33.0,19.2
05-06-2010,33.0,19.8
06-06-2010,30.5,18.6
07-06-2010,29.8,17.6
08-06-2010,25.0,14.6
09-06-2010,16.4,11.2
10-06-2010,18.4,11.1
11-06-2010,17.4,11.9
12-06-2010,15.3,12.4
13-06-2010,23.0,12.4
14-06-2010,23.5,14.2
15-06-2010,19.0,11.0
16-06-2010,19.2,9.5
17-06-2010,24.0,10.1
18-06-2010,26.0,14.6
19-06-2010,26.2,14.4
20-06-2010,24.6,13.2
21-06-2010,25.1,9.4
22-06-2010,31.6,14.2
23-06-2010,32.2,17.4
24-06-2010,33.4,18.4
25-06-2010,31.0,18.0
26-06-2010,30.2,16.6
27-06-2010,28.0,16.8
28-06-2010,30.4,19.0
29-06-2010,31.0,20.0
30-06-2010,31.7,19.6
01-07-2010,33.0,21.5
02-07-2010,30.0,19.0
03-07-2010,27.6,16.8
04-07-2010,32.4,20.2
05-07-2010,33.9,22.2
06-07-2010,35.4,22.0
07-07-2010,37.2,23.0
08-07-2010,33.0,24.8
09-07-2010,34.4,21.0
10-07-2010,36.0,23.2
11-07-2010,37.2,22.3
12-07-2010,35.0,23.5
13-07-2010,33.5,19.0
14-07-2010,30.8,19.6
15-07-2010,32.5,17.7
16-07-2010,33.8,17.3
17-07-2010,35.5,21.0
18-07-2010,36.6,22.0
19-07-2010,37.4,23.0
20-07-2010,35.8,22.4
21-07-2010,31.8,21.0
22-07-2010,32.2,20.6
23-07-2010,32.6,18.4
24-07-2010,33.6,18.8
25-07-2010,33.5,18.3
26-07-2010,34.3,18.4
27-07-2010,34.6,19.4
28-07-2010,37.0,22.2
29-07-2010,37.4,22.8
30-07-2010,34.4,19.0
31-07-2010,36.8,22.0
01-08-2010,35.6,21.1
02-08-2010,35.2,20.8
03-08-2010,32.0,17.4
04-08-2010,34.0,19.3
05-08-2010,32.0,18.4
06-08-2010,33.0,17.5
07-08-2010,35.3,21.2
08-08-2010,30.6,21.7
09-08-2010,33.8,20.6
10-08-2010,33.7,22.0
11-08-2010,35.4,22.2
12-08-2010,33.7,19.0
13-08-2010,28.0,16.0
14-08-2010,27.0,14.7
15-08-2010,31.0,15.4
16-08-2010,27.7,16.2
17-08-2010,28.4,18.8
18-08-2010,31.6,18.0
19-08-2010,29.2,18.4
20-08-2010,32.7,18.4
21-08-2010,36.0,21.6
22-08-2010,35.0,22.6
23-08-2010,33.2,18.8
24-08-2010,32.0,18.6
25-08-2010,35.4,20.2
26-08-2010,36.4,22.2
27-08-2010,35.0,20.4
28-08-2010,34.0,19.8
29-08-2010,33.6,19.0
30-08-2010,33.4,17.8
31-08-2010,31.2,18.7
01-09-2010,28.0,18.7
02-09-2010,26.0,17.4
03-09-2010,30.7,18.9
04-09-2010,32.6,19.2
05-09-2010,32.7,20.2
06-09-2010,31.5,19.6
07-09-2010,24.5,16.7
08-09-2010,23.9,14.6
09-09-2010,26.0,13.8
10-09-2010,28.7,15.3
11-09-2010,31.0,16.4
12-09-2010,32.7,18.2
13-09-2010,32.0,19.2
14-09-2010,33.3,16.8
15-09-2010,32.2,18.0
16-09-2010,25.3,17.2
17-09-2010,23.8,15.7
18-09-2010,24.0,15.4
19-09-2010,26.2,14.6
20-09-2010,20.2,15.8
21-09-2010,25.7,14.0
22-09-2010,26.3,16.0
23-09-2010,22.8,16.8
24-09-2010,24.0,15.5
25-09-2010,21.6,13.1
26-09-2010,21.0,10.4
27-09-2010,22.5,10.8
28-09-2010,24.6,10.7
29-09-2010,25.7,12.4
30-09-2010,24.6,12.2
01-10-2010,25.1,12.7
02-10-2010,25.4,12.4
03-10-2010,19.0,12.6
04-10-2010,20.8,11.6
05-10-2010,21.2,9.3
06-10-2010,23.1,11.4
07-10-2010,23.7,15.7
08-10-2010,23.3,15.2
09-10-2010,18.6,12.0
10-10-2010,17.0,9.8
11-10-2010,15.6,10.8
12-10-2010,18.4,11.2
13-10-2010,19.5,11.0
14-10-2010,20.6,11.4
15-10-2010,18.2,8.4
16-10-2010,17.4,7.6
17-10-2010,16.0,7.4
18-10-2010,15.5,5.0
19-10-2010,18.2,5.0
20-10-2010,19.7,6.0
21-10-2010,18.7,7.6
22-10-2010,17.8,9.0
23-10-2010,18.6,8.0
24-10-2010,20.2,7.0
25-10-2010,16.3,7.6
26-10-2010,18.5,2.8
27-10-2010,18.2,5.6
28-10-2010,19.0,9.6
29-10-2010,19.6,8.2
30-10-2010,10.8,8.2
31-10-2010,12.8,8.6
01-11-2010,16.0,9.4
02-11-2010,17.0,9.6
03-11-2010,19.3,7.2
04-11-2010,19.7,11.3
05-11-2010,18.5,10.0
06-11-2010,17.2,8.6
07-11-2010,14.4,8.0
08-11-2010,11.9,6.6
09-11-2010,12.9,8.0
10-11-2010,12.8,7.2
11-11-2010,14.0,4.8
12-11-2010,12.0,6.0
13-11-2010,11.7,6.8
14-11-2010,10.6,6.3
15-11-2010,11.8,4.6
16-11-2010,11.2,3.8
17-11-2010,10.0,5.6
18-11-2010,11.6,4.4
19-11-2010,10.3,5.0
20-11-2010,11.7,6.6
21-11-2010,10.3,6.0
22-11-2010,10.5,4.0
23-11-2010,10.6,2.6
24-11-2010,10.4,4.0
25-11-2010,10.4,1.5
26-11-2010,7.3,2.0
27-11-2010,6.2,1.0
28-11-2010,7.5,-0.6
29-11-2010,2.5,-0.5
30-11-2010,7.0,2.0
01-12-2010,6.2,2.4
02-12-2010,6.3,1.4
03-12-2010,5.9,-1.1
04-12-2010,4.6,-2.4
05-12-2010,7.4,3.6
06-12-2010,15.8,7.4
07-12-2010,12.5,9.2
08-12-2010,12.6,9.8
09-12-2010,13.5,9.9
10-12-2010,16.1,8.0
11-12-2010,11.4,5.8
12-12-2010,12.0,4.8
13-12-2010,14.2,6.6
14-12-2010,12.6,4.3
15-12-2010,6.6,0.0
16-12-2010,4.8,-2.0
17-12-2010,6.0,-3.6
18-12-2010,6.4,-1.4
19-12-2010,10.9,4.0
20-12-2010,9.2,4.3
21-12-2010,11.0,5.0
22-12-2010,10.2,7.4
23-12-2010,8.6,2.8
24-12-2010,6.0,0.0
25-12-2010,7.0,-1.4
26-12-2010,6.0,-2.9
27-12-2010,6.7,-2.4
28-12-2010,8.0,0.8
29-12-2010,11.8,3.8
30-12-2010,7.8,4.4
31-12-2010,10.0,7.0
01-01-2011,11.3,5.2
02-01-2011,11.8,6.0
03-01-2011,8.2,1.3
04-01-2011,7.7,4.6
05-01-2011,10.0,6.7
06-01-2011,14.0,8.0
07-01-2011,12.0,8.4
08-01-2011,12.0,7.7
09-01-2011,9.6,6.2
10-01-2011,7.0,2.8
11-01-2011,14.3,6.2
12-01-2011,13.8,5.2
13-01-2011,12.6,4.6
14-01-2011,13.5,4.5
15-01-2011,13.5,3.8
16-01-2011,12.7,4.4
17-01-2011,7.6,3.2
18-01-2011,11.1,4.1
19-01-2011,9.5,5.5
20-01-2011,10.8,4.6
21-01-2011,6.1,-0.5
22-01-2011,6.0,-2.5
23-01-2011,4.2,-3.0
24-01-2011,6.8,-3.4
25-01-2011,7.2,-2.0
26-01-2011,7.2,-1.0
27-01-2011,6.0,2.0
28-01-2011,8.0,3.1
29-01-2011,8.0,1.6
30-01-2011,5.8,1.2
31-01-2011,6.4,0.4
01-02-2011,8.6,-0.7
02-02-2011,10.7,-0.4
03-02-2011,12.3,0.0
04-02-2011,13.6,1.4
05-02-2011,16.1,2.5
06-02-2011,16.8,3.2
07-02-2011,16.2,3.0
08-02-2011,14.5,2.9
09-02-2011,13.3,2.3
10-02-2011,14.0,2.4
11-02-2011,13.3,3.6
12-02-2011,13.6,2.4
13-02-2011,11.2,4.2
14-02-2011,8.3,2.6
15-02-2011,8.4,3.6
16-02-2011,7.6,2.4
17-02-2011,8.9,2.4
18-02-2011,12.2,1.6
19-02-2011,9.4,6.2
20-02-2011,13.8,6.0
21-02-2011,12.6,6.2
22-02-2011,15.0,10.0
23-02-2011,17.7,6.0
24-02-2011,18.5,7.0
25-02-2011,20.0,6.8
26-02-2011,20.6,7.0
27-02-2011,12.8,5.8
28-02-2011,10.0,2.4
01-03-2011,9.8,2.4
02-03-2011,8.0,3.0
03-03-2011,7.8,1.0
04-03-2011,6.4,1.4
05-03-2011,10.6,2.6
06-03-2011,12.6,2.4
07-03-2011,16.4,6.0
08-03-2011,12.7,6.0
09-03-2011,13.7,6.4
10-03-2011,17.0,3.8
11-03-2011,11.0,6.0
12-03-2011,13.8,5.4
13-03-2011,12.8,6.4
14-03-2011,13.6,7.0
15-03-2011,12.1,7.0
16-03-2011,10.6,6.8
17-03-2011,16.6,6.2
18-03-2011,20.3,5.8
19-03-2011,20.6,6.8
20-03-2011,20.0,6.1
21-03-2011,16.4,6.2
22-03-2011,12.6,7.5
23-03-2011,11.2,4.5
24-03-2011,11.4,7.4
25-03-2011,15.2,8.0
26-03-2011,17.7,9.0
27-03-2011,14.2,6.2
28-03-2011,13.3,5.8
29-03-2011,17.8,8.2
30-03-2011,19.7,10.6
31-03-2011,21.4,8.0
01-04-2011,24.5,10.6
02-04-2011,21.0,12.4
03-04-2011,18.0,11.0
04-04-2011,21.5,11.0
05-04-2011,25.0,12.0
06-04-2011,25.0,13.8
07-04-2011,26.5,13.0
08-04-2011,27.9,13.6
09-04-2011,28.2,12.5
10-04-2011,24.6,13.3
11-04-2011,23.0,10.4
12-04-2011,23.9,11.0
13-04-2011,26.4,11.4
14-04-2011,26.7,11.5
15-04-2011,22.2,10.6
16-04-2011,21.0,11.6
17-04-2011,22.2,10.0
18-04-2011,22.4,9.4
19-04-2011,20.7,12.0
20-04-2011,20.4,12.2
21-04-2011,19.3,9.5
22-04-2011,15.2,8.5
23-04-2011,16.0,8.6
24-04-2011,19.4,10.0
25-04-2011,21.0,11.0
26-04-2011,19.8,11.4
27-04-2011,23.0,11.2
28-04-2011,24.5,11.4
29-04-2011,19.6,12.2
30-04-2011,16.3,11.0
01-05-2011,19.8,10.8
02-05-2011,22.8,10.8
03-05-2011,21.0,12.0
04-05-2011,22.6,11.4
05-05-2011,23.2,10.4
06-05-2011,23.5,14.6
07-05-2011,16.6,11.6
08-05-2011,20.6,9.0
09-05-2011,26.0,11.4
10-05-2011,27.0,14.6
11-05-2011,26.6,14.2
12-05-2011,23.0,16.7
13-05-2011,26.4,16.0
14-05-2011,28.2,11.1
15-05-2011,21.5,7.8
16-05-2011,24.2,11.0
17-05-2011,25.2,13.8
18-05-2011,24.5,13.4
19-05-2011,18.6,11.2
20-05-2011,24.0,11.6
21-05-2011,26.5,14.6
22-05-2011,27.8,16.0
23-05-2011,29.4,16.2
24-05-2011,30.7,17.7
25-05-2011,31.2,18.1
26-05-2011,29.4,18.8
27-05-2011,24.9,15.3
28-05-2011,26.8,14.5
29-05-2011,27.0,16.8
30-05-2011,23.0,16.6
31-05-2011,23.7,12.0
01-06-2011,22.7,9.2
02-06-2011,22.7,10.5
03-06-2011,22.8,12.2
04-06-2011,23.7,12.6
05-06-2011,27.2,14.5
06-06-2011,21.7,13.4
07-06-2011,19.1,12.7
08-06-2011,21.7,12.0
09-06-2011,22.6,12.3
10-06-2011,23.5,12.4
11-06-2011,26.0,14.2
12-06-2011,29.8,16.0
13-06-2011,30.3,18.5
14-06-2011,30.2,17.0
15-06-2011,31.8,17.0
16-06-2011,30.0,18.4
17-06-2011,29.6,16.0
18-06-2011,28.8,17.4
19-06-2011,31.2,16.0
20-06-2011,33.8,20.0
21-06-2011,35.0,20.4
22-06-2011,33.0,18.0
23-06-2011,31.5,17.7
24-06-2011,31.7,17.0
25-06-2011,35.5,21.2
26-06-2011,36.8,23.3
27-06-2011,37.3,24.2
28-06-2011,35.4,22.4
29-06-2011,34.2,19.4
30-06-2011,33.7,17.4
01-07-2011,34.9,19.6
02-07-2011,34.8,21.2
03-07-2011,31.6,21.9
04-07-2011,31.0,18.4
05-07-2011,34.1,19.4
06-07-2011,32.5,19.8
07-07-2011,29.8,17.7
08-07-2011,30.5,16.2
09-07-2011,31.5,18.7
10-07-2011,33.0,18.5
11-07-2011,34.7,18.0
12-07-2011,31.4,18.0
13-07-2011,25.4,15.0
14-07-2011,28.1,13.6
15-07-2011,31.5,17.6
16-07-2011,34.1,19.4
17-07-2011,29.7,20.2
18-07-2011,29.7,16.2
19-07-2011,28.2,18.3
20-07-2011,30.7,15.6
21-07-2011,33.3,17.5
22-07-2011,30.8,16.0
23-07-2011,30.8,16.6
24-07-2011,29.5,16.0
25-07-2011,31.3,17.6
26-07-2011,34.5,20.4
27-07-2011,31.8,17.4
28-07-2011,32.8,19.4
29-07-2011,35.2,20.8
30-07-2011,34.5,22.0
31-07-2011,34.6,20.5
01-08-2011,32.8,21.0
02-08-2011,27.8,18.2
03-08-2011,30.8,17.4
04-08-2011,34.4,20.6
05-08-2011,33.6,21.2
06-08-2011,32.6,18.2
07-08-2011,32.3,20.0
08-08-2011,32.6,20.0
09-08-2011,32.6,18.0
10-08-2011,34.4,19.3
11-08-2011,35.8,21.6
12-08-2011,35.6,17.6
13-08-2011,31.2,17.4
14-08-2011,34.0,20.7
15-08-2011,35.3,21.0
16-08-2011,36.5,20.8
17-08-2011,35.5,21.5
18-08-2011,35.0,21.6
19-08-2011,36.0,22.2
20-08-2011,38.3,24.0
21-08-2011,35.2,19.8
22-08-2011,28.4,19.2
23-08-2011,31.0,18.0
24-08-2011,30.6,18.5
25-08-2011,31.5,18.0
26-08-2011,25.3,17.0
27-08-2011,28.2,14.1
28-08-2011,31.3,17.4
29-08-2011,31.2,16.8
30-08-2011,31.4,16.4
31-08-2011,26.3,18.7
01-09-2011,28.2,17.9
02-09-2011,24.8,16.2
03-09-2011,23.2,15.5
04-09-2011,27.0,14.8
05-09-2011,28.0,15.0
06-09-2011,30.6,17.2
07-09-2011,33.0,16.0
08-09-2011,34.0,19.4
09-09-2011,34.2,17.1
10-09-2011,32.0,18.0
11-09-2011,28.4,17.7
12-09-2011,31.6,16.4
13-09-2011,33.6,20.0
14-09-2011,33.0,20.4
15-09-2011,32.2,19.6
16-09-2011,31.3,19.7
17-09-2011,30.3,18.2
18-09-2011,26.4,14.8
19-09-2011,24.0,11.6
20-09-2011,28.0,13.8
21-09-2011,28.7,16.2
22-09-2011,29.1,16.3
23-09-2011,28.0,16.6
24-09-2011,25.6,15.4
25-09-2011,26.6,13.8
26-09-2011,27.8,15.6
27-09-2011,28.4,16.6
28-09-2011,24.8,15.6
29-09-2011,27.0,15.2
30-09-2011,25.6,16.0
01-10-2011,25.2,15.3
02-10-2011,24.8,15.4
03-10-2011,27.7,13.0
04-10-2011,28.2,17.0
05-10-2011,28.3,15.6
06-10-2011,29.3,14.6
07-10-2011,21.7,13.2
08-10-2011,21.0,11.3
09-10-2011,23.2,10.0
10-10-2011,26.3,14.0
11-10-2011,28.8,13.6
12-10-2011,29.5,14.0
13-10-2011,29.3,14.0
14-10-2011,27.0,14.0
15-10-2011,24.4,14.3
16-10-2011,23.6,13.4
17-10-2011,21.0,13.2
18-10-2011,21.7,11.7
19-10-2011,22.6,10.6
20-10-2011,17.8,9.6
21-10-2011,18.2,7.3
22-10-2011,20.5,10.6
23-10-2011,19.2,11.6
24-10-2011,14.6,9.0
25-10-2011,14.5,7.2
26-10-2011,15.0,8.0
27-10-2011,14.4,10.2
28-10-2011,16.7,9.7
29-10-2011,18.0,9.8
30-10-2011,19.8,10.7
31-10-2011,19.6,11.0
01-11-2011,18.4,13.0
02-11-2011,17.0,12.8
03-11-2011,14.6,9.5
04-11-2011,11.7,8.6
05-11-2011,10.8,7.4
06-11-2011,14.0,6.0
07-11-2011,13.7,8.3
08-11-2011,14.6,6.4
09-11-2011,12.7,7.5
10-11-2011,15.4,10.6
11-11-2011,17.5,10.6
12-11-2011,19.7,12.0
13-11-2011,17.0,12.4
14-11-2011,15.2,7.6
15-11-2011,11.5,6.8
16-11-2011,12.4,7.0
17-11-2011,13.0,7.4
18-11-2011,14.2,9.2
19-11-2011,13.8,9.5
20-11-2011,12.2,9.8
21-11-2011,13.7,10.3
22-11-2011,10.9,8.1
23-11-2011,15.5,9.6
24-11-2011,14.3,7.4
25-11-2011,15.2,6.0
26-11-2011,13.5,6.8
27-11-2011,12.6,4.2
28-11-2011,12.0,4.4
29-11-2011,12.3,3.6
30-11-2011,12.3,4.5
01-12-2011,11.6,4.2
02-12-2011,9.4,5.4
03-12-2011,9.6,3.8
04-12-2011,9.5,2.2
05-12-2011,14.9,2.4
06-12-2011,14.0,6.3
07-12-2011,10.0,3.1
08-12-2011,12.8,2.0
09-12-2011,9.4,3.8
10-12-2011,4.6,3.0
11-12-2011,7.8,3.4
12-12-2011,9.5,5.0
13-12-2011,10.5,6.2
14-12-2011,12.7,6.8
15-12-2011,10.8,6.1
16-12-2011,11.6,6.2
17-12-2011,9.5,3.2
18-12-2011,10.5,1.3
19-12-2011,10.5,1.3
20-12-2011,9.3,-0.5
21-12-2011,13.6,1.6
22-12-2011,13.3,4.0
23-12-2011,11.7,1.8
24-12-2011,12.0,4.0
25-12-2011,12.3,2.1
26-12-2011,10.0,2.2
27-12-2011,12.2,1.4
28-12-2011,10.6,0.5
29-12-2011,10.0,2.8
30-12-2011,8.7,-1.0
31-12-2011,10.9,0.8
01-01-2012,11.6,2.3
02-01-2012,11.6,5.8
03-01-2012,10.5,1.5
04-01-2012,11.6,0.5
05-01-2012,13.0,2.2
06-01-2012,15.0,3.0
07-01-2012,13.2,3.2
08-01-2012,12.6,2.0
09-01-2012,13.1,1.0
10-01-2012,10.8,1.8
11-01-2012,12.2,2.0
12-01-2012,9.0,1.2
13-01-2012,8.6,3.0
14-01-2012,9.4,-0.5
15-01-2012,5.3,1.0
16-01-2012,5.6,2.6
17-01-2012,10.6,3.0
18-01-2012,10.5,0.4
19-01-2012,12.2,3.4
20-01-2012,14.0,3.4
21-01-2012,13.5,3.2
22-01-2012,13.5,4.0
23-01-2012,12.8,3.0
24-01-2012,13.4,5.0
25-01-2012,12.5,2.2
26-01-2012,9.6,2.0
27-01-2012,8.9,4.7
28-01-2012,10.2,2.8
29-01-2012,8.8,1.6
30-01-2012,10.0,-1.0
31-01-2012,12.1,-0.3
01-02-2012,11.7,-0.2
02-02-2012,3.8,-1.0
03-02-2012,3.6,-1.5
04-02-2012,5.0,-2.6
05-02-2012,10.1,-1.6
06-02-2012,13.6,2.6
07-02-2012,9.8,1.5
08-02-2012,4.3,-2.3
09-02-2012,9.3,-1.8
10-02-2012,10.0,-1.4
11-02-2012,7.6,-2.5
12-02-2012,5.7,-3.6
13-02-2012,7.3,-2.6
14-02-2012,9.0,0.4
15-02-2012,11.0,0.5
16-02-2012,10.2,0.6
17-02-2012,12.0,2.0
18-02-2012,12.7,0.7
19-02-2012,13.4,0.8
20-02-2012,11.5,0.2
21-02-2012,12.0,-0.2
22-02-2012,14.6,0.4
23-02-2012,16.2,0.4
24-02-2012,17.7,3.4
25-02-2012,18.6,3.0
26-02-2012,20.4,5.6
27-02-2012,18.8,7.5
28-02-2012,18.6,6.8
29-02-2012,19.5,7.6
01-03-2012,19.0,7.2
02-03-2012,11.6,6.4
03-03-2012,15.1,5.5
04-03-2012,15.4,7.0
05-03-2012,14.3,4.0
06-03-2012,13.6,2.8
07-03-2012,14.0,2.0
08-03-2012,17.0,3.0
09-03-2012,21.2,3.0
10-03-2012,15.7,3.8
11-03-2012,19.8,7.6
12-03-2012,22.2,6.8
13-03-2012,22.3,7.2
14-03-2012,24.0,8.0
15-03-2012,23.2,10.4
16-03-2012,18.3,9.6
17-03-2012,15.6,6.4
18-03-2012,13.0,4.8
19-03-2012,13.6,4.4
20-03-2012,11.6,3.3
21-03-2012,5.6,0.8
22-03-2012,14.7,3.2
23-03-2012,18.0,6.0
24-03-2012,19.8,7.2
25-03-2012,21.2,7.5
26-03-2012,19.7,8.6
27-03-2012,20.0,8.7
28-03-2012,21.0,8.6
29-03-2012,21.7,8.4
30-03-2012,22.8,9.6
31-03-2012,19.8,10.5
01-04-2012,22.6,9.2
02-04-2012,19.6,10.5
03-04-2012,17.0,10.4
04-04-2012,10.5,8.8
05-04-2012,13.5,8.1
06-04-2012,10.6,2.6
07-04-2012,10.6,4.0
08-04-2012,18.7,4.0
09-04-2012,21.6,7.7
10-04-2012,17.2,9.0
11-04-2012,16.7,6.8
12-04-2012,16.0,9.2
13-04-2012,15.5,6.6
14-04-2012,15.0,5.5
15-04-2012,13.7,4.6
16-04-2012,13.4,5.2
17-04-2012,19.6,3.0
18-04-2012,12.5,6.7
19-04-2012,14.6,7.5
20-04-2012,18.0,8.1
21-04-2012,19.4,8.5
22-04-2012,19.6,8.2
23-04-2012,19.4,7.6
24-04-2012,17.1,6.7
25-04-2012,18.0,8.6
26-04-2012,15.0,9.0
27-04-2012,20.0,8.5
28-04-2012,10.0,6.6
29-04-2012,13.6,5.9
30-04-2012,14.0,5.0
01-05-2012,13.6,5.0
02-05-2012,18.0,6.9
03-05-2012,17.0,8.0
04-05-2012,15.6,8.0
05-05-2012,16.0,9.0
06-05-2012,18.7,9.0
07-05-2012,19.0,7.6
08-05-2012,23.0,13.7
09-05-2012,27.0,12.0
10-05-2012,30.7,16.2
11-05-2012,31.6,18.0
12-05-2012,32.6,19.0
13-05-2012,32.5,17.8
14-05-2012,31.1,19.0
15-05-2012,28.8,15.0
16-05-2012,28.5,13.0
17-05-2012,28.4,17.0
18-05-2012,27.7,16.2
19-05-2012,18.7,9.5
20-05-2012,15.5,7.8
21-05-2012,17.8,7.0
22-05-2012,24.2,10.1
23-05-2012,28.7,13.0
24-05-2012,30.6,16.2
25-05-2012,30.4,17.0
26-05-2012,25.2,13.8
27-05-2012,26.6,12.0
28-05-2012,29.6,17.2
29-05-2012,29.0,16.5
30-05-2012,31.2,16.7
31-05-2012,34.3,18.6
01-06-2012,34.5,19.8
02-06-2012,29.5,19.8
03-06-2012,27.4,17.9
04-06-2012,30.0,16.6
05-06-2012,31.9,18.4
06-06-2012,30.4,18.0
07-06-2012,26.8,19.0
08-06-2012,23.7,14.4
09-06-2012,27.2,14.3
10-06-2012,28.6,17.0
11-06-2012,25.8,15.3
12-06-2012,24.4,12.7
13-06-2012,27.5,13.4
14-06-2012,30.8,17.3
15-06-2012,31.8,17.2
16-06-2012,31.6,17.0
17-06-2012,32.4,18.4
18-06-2012,31.5,17.6
19-06-2012,25.2,18.8
20-06-2012,29.4,16.2
21-06-2012,29.6,18.0
22-06-2012,32.0,17.8
23-06-2012,34.4,19.4
24-06-2012,36.5,20.7
25-06-2012,37.8,22.4
26-06-2012,38.8,23.9
27-06-2012,37.2,25.7
28-06-2012,35.4,23.8
29-06-2012,31.0,19.6
30-06-2012,27.3,16.4
01-07-2012,26.8,16.7
02-07-2012,30.3,13.7
03-07-2012,33.7,18.6
04-07-2012,32.4,19.3
05-07-2012,29.3,18.2
06-07-2012,30.2,17.2
07-07-2012,32.0,18.0
08-07-2012,32.1,17.3
09-07-2012,32.8,17.8
10-07-2012,30.9,17.8
11-07-2012,32.0,17.4
12-07-2012,33.0,17.5
13-07-2012,35.5,18.6
14-07-2012,32.4,19.6
15-07-2012,31.3,17.0
16-07-2012,33.0,18.5
17-07-2012,36.0,21.5
18-07-2012,37.8,23.0
19-07-2012,38.0,22.2
20-07-2012,35.5,21.2
21-07-2012,34.3,20.5
22-07-2012,35.0,20.6
23-07-2012,35.2,20.0
24-07-2012,33.7,20.8
25-07-2012,35.6,20.6
26-07-2012,34.7,19.3
27-07-2012,31.8,18.6
28-07-2012,31.2,18.8
29-07-2012,33.0,19.2
30-07-2012,35.2,20.4
31-07-2012,36.2,20.0
01-08-2012,34.7,19.1
02-08-2012,34.6,19.4
03-08-2012,35.4,21.4
04-08-2012,33.2,19.7
05-08-2012,29.6,18.6
06-08-2012,29.0,16.6
07-08-2012,33.3,19.6
08-08-2012,34.2,21.0
09-08-2012,38.2,22.8
10-08-2012,40.6,25.0
11-08-2012,38.5,23.8
12-08-2012,32.6,20.6
13-08-2012,32.0,19.2
14-08-2012,31.7,19.0
15-08-2012,26.0,19.6
16-08-2012,32.0,17.8
17-08-2012,37.7,22.5
18-08-2012,37.4,22.8
19-08-2012,34.7,25.4
20-08-2012,37.6,24.3
21-08-2012,37.2,23.3
22-08-2012,37.5,22.6
23-08-2012,33.7,20.7
24-08-2012,30.8,18.7
25-08-2012,30.5,20.0
26-08-2012,31.6,18.0
27-08-2012,33.2,20.4
28-08-2012,32.6,17.4
29-08-2012,30.8,19.6
30-08-2012,31.0,17.4
31-08-2012,27.2,13.6
01-09-2012,26.0,12.2
02-09-2012,26.5,12.3
03-09-2012,28.6,14.8
04-09-2012,28.3,14.8
05-09-2012,30.0,16.4
06-09-2012,31.6,18.6
07-09-2012,31.5,19.0
08-09-2012,32.0,18.6
09-09-2012,29.2,18.6
10-09-2012,28.0,18.0
11-09-2012,29.8,17.0
12-09-2012,32.0,17.2
13-09-2012,26.2,14.8
14-09-2012,29.6,13.2
15-09-2012,32.6,17.8
16-09-2012,33.0,16.6
17-09-2012,29.6,18.2
18-09-2012,29.3,17.3
19-09-2012,29.5,18.1
20-09-2012,29.0,19.4
21-09-2012,28.4,18.8
22-09-2012,29.0,18.0
23-09-2012,26.7,15.0
24-09-2012,21.3,14.2
25-09-2012,17.8,12.0
26-09-2012,18.6,11.0
27-09-2012,17.2,11.2
28-09-2012,16.2,12.8
29-09-2012,19.0,12.4
30-09-2012,19.0,9.2
01-10-2012,21.0,9.6
02-10-2012,22.6,11.4
03-10-2012,23.4,11.5
04-10-2012,23.8,12.0
05-10-2012,25.0,13.5
06-10-2012,23.2,12.6
07-10-2012,25.2,14.3
08-10-2012,27.6,15.6
09-10-2012,27.2,15.0
10-10-2012,25.2,16.4
11-10-2012,22.6,16.6
12-10-2012,19.5,14.0
13-10-2012,20.2,12.2
14-10-2012,18.0,10.2
15-10-2012,16.4,6.6
16-10-2012,18.2,7.8
17-10-2012,21.4,7.5
18-10-2012,19.9,12.4
19-10-2012,14.0,10.6
20-10-2012,17.0,11.2
21-10-2012,14.7,9.6
22-10-2012,17.6,8.4
23-10-2012,20.6,10.9
24-10-2012,18.5,13.0
25-10-2012,18.0,12.2
26-10-2012,17.0,11.0
27-10-2012,16.4,7.0
28-10-2012,11.5,4.0
29-10-2012,11.7,2.6
30-10-2012,8.5,5.8
31-10-2012,10.5,4.6
01-11-2012,14.5,6.0
02-11-2012,14.8,9.2
03-11-2012,12.7,9.6
04-11-2012,13.9,8.5
05-11-2012,13.0,4.3
06-11-2012,12.9,6.4
07-11-2012,10.6,4.4
08-11-2012,12.5,9.0
09-11-2012,15.6,10.1
10-11-2012,12.9,7.8
11-11-2012,11.0,5.0
12-11-2012,13.0,4.4
13-11-2012,15.6,4.8
14-11-2012,,
15-11-2012,19.6,11.6
16-11-2012,15.0,11.0
17-11-2012,12.3,10.5
18-11-2012,14.3,9.0
19-11-2012,14.6,6.6
20-11-2012,11.8,5.8
21-11-2012,12.7,8.3
22-11-2012,13.9,7.1
23-11-2012,14.2,7.2
24-11-2012,13.9,9.0
25-11-2012,14.2,9.8
26-11-2012,12.4,6.4
27-11-2012,8.4,3.2
28-11-2012,8.2,0.4
29-11-2012,8.4,1.6
30-11-2012,7.6,3.2
01-12-2012,8.0,0.6
02-12-2012,8.0,-1.2
03-12-2012,10.0,-0.2
04-12-2012,12.7,2.2
05-12-2012,10.0,3.6
06-12-2012,8.5,1.2
07-12-2012,8.2,4.6
08-12-2012,10.8,2.0
09-12-2012,9.2,-0.2
10-12-2012,6.5,0.0
11-12-2012,9.4,-0.5
12-12-2012,8.1,1.2
13-12-2012,7.2,1.2
14-12-2012,12.0,6.0
15-12-2012,12.6,9.6
16-12-2012,12.4,8.2
17-12-2012,13.0,6.0
18-12-2012,9.0,4.2
19-12-2012,10.4,7.8
20-12-2012,13.9,8.6
21-12-2012,14.0,9.0
22-12-2012,11.8,8.8
23-12-2012,13.2,8.0
24-12-2012,13.2,6.0
25-12-2012,11.7,6.7
26-12-2012,11.0,3.0
27-12-2012,6.2,1.3
28-12-2012,11.0,2.0
29-12-2012,6.0,1.7
30-12-2012,5.2,1.6
31-12-2012,4.2,1.6
01-01-2013,9.4,3.4
02-01-2013,10.8,0.7
03-01-2013,10.8,2.8
04-01-2013,10.8,1.6
05-01-2013,10.2,-0.4
06-01-2013,9.5,0.7
07-01-2013,4.8,1.5
08-01-2013,4.2,0.4
09-01-2013,5.6,0.4
10-01-2013,10.7,4.8
11-01-2013,9.0,5.8
12-01-2013,11.4,4.0
13-01-2013,7.6,2.2
14-01-2013,8.7,0.5
15-01-2013,10.0,2.8
16-01-2013,8.8,5.8
17-01-2013,12.6,7.8
18-01-2013,13.0,8.6
19-01-2013,10.6,4.5
20-01-2013,8.7,3.5
21-01-2013,8.7,3.0
22-01-2013,4.0,1.0
23-01-2013,8.2,1.5
24-01-2013,11.2,4.0
25-01-2013,10.4,3.4
26-01-2013,16.4,5.6
27-01-2013,9.4,5.2
28-01-2013,12.0,3.0
29-01-2013,10.4,1.5
30-01-2013,13.6,2.8
31-01-2013,14.0,4.5
01-02-2013,12.6,4.8
02-02-2013,9.8,4.6
03-02-2013,9.6,1.8
04-02-2013,13.9,1.3
05-02-2013,15.0,4.0
06-02-2013,10.1,4.0
07-02-2013,9.4,2.4
08-02-2013,10.1,3.1
09-02-2013,10.2,3.5
10-02-2013,9.0,1.7
11-02-2013,7.4,2.6
12-02-2013,11.0,2.4
13-02-2013,14.8,5.0
14-02-2013,14.4,3.5
15-02-2013,14.5,3.9
16-02-2013,13.2,4.2
17-02-2013,10.8,5.2
18-02-2013,12.1,7.0
19-02-2013,11.2,7.3
20-02-2013,13.2,7.2
21-02-2013,9.8,6.6
22-02-2013,12.0,4.8
23-02-2013,7.2,0.4
24-02-2013,8.3,-1.4
25-02-2013,7.0,-1.0
26-02-2013,8.0,-0.9
27-02-2013,5.7,0.5
28-02-2013,5.2,1.9
01-03-2013,12.6,3.2
02-03-2013,12.0,1.0
03-03-2013,13.1,6.2
04-03-2013,12.7,6.0
05-03-2013,13.1,7.6
06-03-2013,15.0,8.0
07-03-2013,16.2,9.6
08-03-2013,11.0,7.8
09-03-2013,13.6,6.4
10-03-2013,11.9,6.0
11-03-2013,12.3,5.3
12-03-2013,12.0,4.4
13-03-2013,8.0,1.8
14-03-2013,10.4,0.2
15-03-2013,12.6,1.4
16-03-2013,9.8,5.6
17-03-2013,10.6,6.2
18-03-2013,13.2,3.6
19-03-2013,12.0,2.8
20-03-2013,14.4,4.0
21-03-2013,14.7,3.6
22-03-2013,12.0,6.4
23-03-2013,14.4,5.8
24-03-2013,13.6,5.6
25-03-2013,11.3,4.8
26-03-2013,14.1,9.4
27-03-2013,15.0,9.0
28-03-2013,16.2,9.2
29-03-2013,15.0,9.2
30-03-2013,17.7,9.3
31-03-2013,15.3,8.3
01-04-2013,14.4,6.8
02-04-2013,13.8,5.5
03-04-2013,14.6,5.6
04-04-2013,13.6,5.8
05-04-2013,10.2,4.4
06-04-2013,12.2,1.2
07-04-2013,12.7,2.4
08-04-2013,15.6,8.4
09-04-2013,14.3,7.3
10-04-2013,16.4,9.0
11-04-2013,17.6,10.4
12-04-2013,16.6,5.8
13-04-2013,21.2,6.6
14-04-2013,25.6,11.2
15-04-2013,24.3,12.7
16-04-2013,25.6,12.7
17-04-2013,28.0,13.5
18-04-2013,27.6,12.8
19-04-2013,19.8,8.0
20-04-2013,19.2,5.0
21-04-2013,21.5,7.0
22-04-2013,21.3,10.0
23-04-2013,20.7,7.5
24-04-2013,21.9,10.2
25-04-2013,21.8,10.4
26-04-2013,18.6,10.8
27-04-2013,14.4,6.0
28-04-2013,8.6,3.6
29-04-2013,11.7,2.7
30-04-2013,12.8,5.8
01-05-2013,14.8,7.0
02-05-2013,17.6,5.6
03-05-2013,18.8,7.0
04-05-2013,21.7,9.0
05-05-2013,23.4,9.5
06-05-2013,24.5,11.4
07-05-2013,22.4,13.5
08-05-2013,24.7,15.8
09-05-2013,24.4,14.8
10-05-2013,24.8,14.4
11-05-2013,24.8,11.8
12-05-2013,25.5,10.6
13-05-2013,26.0,12.8
14-05-2013,22.6,12.1
15-05-2013,12.8,7.4
16-05-2013,14.6,6.2
17-05-2013,9.2,5.8
18-05-2013,14.5,5.6
19-05-2013,14.8,5.7
20-05-2013,16.8,5.4
21-05-2013,19.0,7.2
22-05-2013,22.2,8.4
23-05-2013,23.5,8.5
24-05-2013,24.2,9.4
25-05-2013,25.3,9.6
26-05-2013,23.5,10.6
27-05-2013,21.0,11.0
28-05-2013,19.4,10.8
29-05-2013,18.0,8.2
30-05-2013,20.0,6.4
31-05-2013,21.0,8.8
01-06-2013,23.8,9.6
02-06-2013,24.7,10.0
03-06-2013,25.7,11.0
04-06-2013,29.0,14.1
05-06-2013,29.6,15.6
06-06-2013,25.0,14.0
07-06-2013,18.3,11.8
08-06-2013,19.0,10.0
09-06-2013,20.6,10.6
10-06-2013,24.7,11.6
11-06-2013,28.4,13.8
12-06-2013,31.8,17.6
13-06-2013,33.4,19.0
14-06-2013,32.7,19.2
15-06-2013,33.6,18.4
16-06-2013,34.5,17.5
17-06-2013,23.6,14.7
18-06-2013,19.9,11.5
19-06-2013,20.6,11.6
20-06-2013,26.4,12.0
21-06-2013,28.3,16.0
22-06-2013,31.0,15.5
23-06-2013,32.8,18.4
24-06-2013,31.2,11.5
25-06-2013,32.4,17.2
26-06-2013,31.6,16.9
27-06-2013,31.1,17.8
28-06-2013,31.0,16.2
29-06-2013,31.6,16.8
30-06-2013,33.5,18.7
01-07-2013,34.2,20.5
02-07-2013,32.3,20.0
03-07-2013,34.7,18.6
04-07-2013,35.5,21.4
05-07-2013,37.2,22.0
06-07-2013,35.6,22.4
07-07-2013,36.0,21.5
08-07-2013,37.6,23.4
09-07-2013,36.8,23.0
10-07-2013,34.3,21.0
11-07-2013,35.0,20.4
12-07-2013,35.5,22.8
13-07-2013,33.9,19.0
14-07-2013,33.6,20.6
15-07-2013,33.7,20.7
16-07-2013,34.3,21.2
17-07-2013,34.6,21.2
18-07-2013,34.2,20.6
19-07-2013,35.0,21.2
20-07-2013,35.4,22.2
21-07-2013,33.0,19.4
22-07-2013,33.2,18.4
23-07-2013,33.6,21.0
24-07-2013,34.6,20.4
25-07-2013,35.3,20.6
26-07-2013,34.2,20.2
27-07-2013,24.6,19.8
28-07-2013,25.5,17.0
29-07-2013,29.0,14.8
30-07-2013,33.5,19.0
31-07-2013,37.2,21.0
01-08-2013,37.0,22.3
02-08-2013,33.4,20.8
03-08-2013,33.6,18.9
04-08-2013,34.7,17.9
05-08-2013,35.4,19.6
06-08-2013,31.4,20.6
07-08-2013,31.6,19.5
08-08-2013,30.6,16.5
09-08-2013,32.6,16.4
10-08-2013,36.0,20.6
11-08-2013,37.5,21.4
12-08-2013,36.3,23.6
13-08-2013,34.6,21.5
14-08-2013,35.0,21.8
15-08-2013,35.3,22.7
16-08-2013,35.1,21.7
17-08-2013,34.0,20.0
18-08-2013,34.6,21.4
19-08-2013,36.5,21.3
20-08-2013,36.7,21.3
21-08-2013,36.3,21.7
22-08-2013,34.9,21.5
23-08-2013,34.6,19.0
24-08-2013,33.5,21.4
25-08-2013,31.3,17.4
26-08-2013,31.0,17.6
27-08-2013,30.8,17.6
28-08-2013,28.0,18.1
29-08-2013,28.0,16.2
30-08-2013,28.8,16.8
31-08-2013,30.0,17.1
01-09-2013,30.6,16.6
02-09-2013,31.5,18.6
03-09-2013,32.7,18.8
04-09-2013,31.8,19.2
05-09-2013,29.0,18.0
06-09-2013,28.2,18.2
07-09-2013,27.5,16.9
08-09-2013,26.9,16.0
09-09-2013,28.6,15.6
10-09-2013,30.0,16.7
11-09-2013,23.0,11.8
12-09-2013,26.7,12.8
13-09-2013,28.6,15.6
14-09-2013,29.1,16.8
15-09-2013,29.2,16.2
16-09-2013,29.7,16.4
17-09-2013,29.2,16.8
18-09-2013,29.8,16.7
19-09-2013,27.5,16.0
20-09-2013,28.1,15.4
21-09-2013,28.6,18.2
22-09-2013,29.8,17.0
23-09-2013,30.0,18.3
24-09-2013,30.1,17.2
25-09-2013,29.1,17.6
26-09-2013,29.0,16.9
27-09-2013,25.4,18.6
28-09-2013,21.2,15.2
29-09-2013,21.0,14.6
30-09-2013,21.1,16.1
01-10-2013,23.2,17.5
02-10-2013,24.8,15.8
03-10-2013,23.6,17.6
04-10-2013,22.7,15.0
05-10-2013,24.0,13.5
06-10-2013,22.6,13.2
07-10-2013,22.8,12.3
08-10-2013,23.5,12.7
09-10-2013,23.4,13.7
10-10-2013,24.2,13.0
11-10-2013,22.5,10.2
12-10-2013,20.2,9.6
13-10-2013,17.5,10.2
14-10-2013,20.8,10.3
15-10-2013,20.6,12.6
16-10-2013,22.2,12.8
17-10-2013,24.2,13.4
18-10-2013,24.0,12.4
19-10-2013,21.2,14.9
20-10-2013,19.5,12.9
21-10-2013,20.1,11.1
22-10-2013,15.5,13.2
23-10-2013,18.9,12.2
24-10-2013,19.0,13.1
25-10-2013,16.6,13.6
26-10-2013,18.6,12.8
27-10-2013,19.6,10.4
28-10-2013,19.4,10.2
29-10-2013,14.6,7.4
30-10-2013,14.7,6.0
31-10-2013,15.9,5.0
01-11-2013,16.4,5.6
02-11-2013,17.0,7.5
03-11-2013,16.2,9.2
04-11-2013,15.2,9.9
05-11-2013,20.4,14.1
06-11-2013,20.0,10.3
07-11-2013,15.4,11.2
08-11-2013,15.0,9.0
09-11-2013,14.5,6.6
10-11-2013,16.8,9.6
11-11-2013,18.9,8.0
12-11-2013,19.7,8.2
13-11-2013,18.0,11.5
14-11-2013,16.4,6.8
15-11-2013,11.4,4.4
16-11-2013,7.5,3.0
17-11-2013,6.5,3.6
18-11-2013,11.0,2.7
19-11-2013,13.2,3.8
20-11-2013,8.8,2.4
21-11-2013,10.4,1.0
22-11-2013,10.8,3.9
23-11-2013,9.7,0.4
24-11-2013,10.7,0.4
25-11-2013,12.7,0.4
26-11-2013,10.8,1.1
27-11-2013,10.1,1.2
28-11-2013,7.7,0.0
29-11-2013,9.0,-1.3
30-11-2013,7.9,-0.2
01-12-2013,11.8,1.0
02-12-2013,8.8,-1.4
03-12-2013,12.2,2.0
04-12-2013,13.2,1.6
05-12-2013,13.0,1.6
06-12-2013,12.7,0.6
07-12-2013,11.7,1.4
08-12-2013,10.6,0.4
09-12-2013,8.4,-1.0
10-12-2013,10.6,0.5
11-12-2013,10.2,3.0
12-12-2013,9.6,2.2
13-12-2013,8.5,2.2
14-12-2013,12.0,4.0
15-12-2013,12.7,2.6
16-12-2013,13.6,5.0
17-12-2013,9.0,5.0
18-12-2013,9.0,5.6
19-12-2013,9.4,4.0
20-12-2013,8.9,3.2
21-12-2013,8.8,-0.6
22-12-2013,9.4,0.1
23-12-2013,9.8,1.2
24-12-2013,10.8,5.8
25-12-2013,9.8,3.0
26-12-2013,9.7,1.6
27-12-2013,11.5,7.6
28-12-2013,9.5,3.2
29-12-2013,8.2,2.7
30-12-2013,7.0,0.0
31-12-2013,8.0,3.5
01-01-2014,9.2,6.2
02-01-2014,11.4,8.4
03-01-2014,13.0,9.8
04-01-2014,10.6,3.9
05-01-2014,8.6,3.3
06-01-2014,11.0,6.1
07-01-2014,12.8,8.2
08-01-2014,13.0,6.5
09-01-2014,14.4,6.4
10-01-2014,14.0,5.5
11-01-2014,12.2,6.2
12-01-2014,8.8,4.2
13-01-2014,10.2,5.0
14-01-2014,12.2,4.8
15-01-2014,9.7,6.2
16-01-2014,9.0,4.8
17-01-2014,8.3,3.2
18-01-2014,8.5,4.5
19-01-2014,6.5,3.4
20-01-2014,9.3,2.4
21-01-2014,8.8,0.8
22-01-2014,11.7,4.2
23-01-2014,12.3,3.2
24-01-2014,14.6,2.0
25-01-2014,15.7,8.0
26-01-2014,16.0,5.3
27-01-2014,11.6,6.1
28-01-2014,7.6,3.3
29-01-2014,8.6,3.5
30-01-2014,8.7,3.0
31-01-2014,11.8,5.2
01-02-2014,12.0,3.2
02-02-2014,9.1,1.0
03-02-2014,7.0,0.4
04-02-2014,7.8,2.6
05-02-2014,11.3,6.7
06-02-2014,15.5,6.8
07-02-2014,8.8,3.5
08-02-2014,11.4,4.6
09-02-2014,7.0,3.2
10-02-2014,7.8,3.6
11-02-2014,4.6,1.5
12-02-2014,7.3,2.7
13-02-2014,16.2,5.5
14-02-2014,15.0,9.4
15-02-2014,9.4,5.8
16-02-2014,10.5,3.8
17-02-2014,10.2,1.5
18-02-2014,11.6,4.7
19-02-2014,13.2,1.4
20-02-2014,11.1,2.8
21-02-2014,10.5,4.2
22-02-2014,10.6,2.0
23-02-2014,14.0,2.8
24-02-2014,10.7,4.8
25-02-2014,11.0,4.0
26-02-2014,11.3,3.6
27-02-2014,11.6,4.8
28-02-2014,14.4,6.3
01-03-2014,11.6,6.2
02-03-2014,16.5,10.0
03-03-2014,12.5,5.9
04-03-2014,11.9,5.0
05-03-2014,16.3,7.0
06-03-2014,20.4,5.4
07-03-2014,17.3,6.3
08-03-2014,19.0,7.0
09-03-2014,17.8,7.0
10-03-2014,18.6,5.2
11-03-2014,18.3,7.8
12-03-2014,16.6,6.8
13-03-2014,13.5,5.7
14-03-2014,15.8,4.6
15-03-2014,19.6,6.4
16-03-2014,22.3,7.0
17-03-2014,22.8,8.4
18-03-2014,23.2,8.3
19-03-2014,20.3,11.0
20-03-2014,22.0,10.4
21-03-2014,19.0,10.4
22-03-2014,16.2,7.4
23-03-2014,13.8,3.6
24-03-2014,13.0,3.2
25-03-2014,13.6,4.0
26-03-2014,13.5,3.1
27-03-2014,12.7,2.0
28-03-2014,15.7,6.0
29-03-2014,12.2,7.0
30-03-2014,14.0,6.6
31-03-2014,15.0,8.2
01-04-2014,19.5,10.0
02-04-2014,13.6,8.2
03-04-2014,15.6,6.6
04-04-2014,16.8,6.6
05-04-2014,18.6,10.0
06-04-2014,22.6,10.6
07-04-2014,24.8,10.6
08-04-2014,25.4,12.0
09-04-2014,26.0,12.5
10-04-2014,27.4,14.6
11-04-2014,26.0,12.6
12-04-2014,24.2,13.1
13-04-2014,23.8,11.0
14-04-2014,25.4,13.2
15-04-2014,25.7,15.0
16-04-2014,26.5,12.2
17-04-2014,28.0,14.0
18-04-2014,28.0,12.5
19-04-2014,23.6,10.6
20-04-2014,19.0,9.6
21-04-2014,13.2,10.0
22-04-2014,18.6,7.8
23-04-2014,19.6,9.0
24-04-2014,16.4,8.2
25-04-2014,16.8,5.6
26-04-2014,17.1,8.7
27-04-2014,19.4,7.6
28-04-2014,23.8,11.2
29-04-2014,24.4,11.3
30-04-2014,24.0,12.4
01-05-2014,25.0,12.4
02-05-2014,23.2,12.7
03-05-2014,23.5,8.5
04-05-2014,25.2,8.6
05-05-2014,27.7,12.0
06-05-2014,27.6,13.2
07-05-2014,24.7,16.4
08-05-2014,28.0,15.0
09-05-2014,30.4,17.0
10-05-2014,30.4,18.0
11-05-2014,27.8,17.2
12-05-2014,29.0,14.6
13-05-2014,24.0,11.2
14-05-2014,24.8,8.2
15-05-2014,26.4,12.4
16-05-2014,26.9,13.0
17-05-2014,25.0,11.0
18-05-2014,26.0,11.6
19-05-2014,22.6,12.6
20-05-2014,18.2,10.6
21-05-2014,17.1,8.3
22-05-2014,16.7,8.0
23-05-2014,19.2,9.6
24-05-2014,22.2,11.2
25-05-2014,22.0,11.6
26-05-2014,22.3,9.6
27-05-2014,22.7,13.6
28-05-2014,20.8,12.2
29-05-2014,22.8,10.9
30-05-2014,23.8,14.2
31-05-2014,21.6,10.2
01-06-2014,24.6,11.6
02-06-2014,26.7,12.0
03-06-2014,28.6,14.0
04-06-2014,28.8,16.6
05-06-2014,27.4,14.0
06-06-2014,29.0,16.8
07-06-2014,26.6,16.4
08-06-2014,29.4,15.0
09-06-2014,29.0,16.0
10-06-2014,28.0,14.8
11-06-2014,29.8,17.2
12-06-2014,31.7,17.0
13-06-2014,33.6,19.6
14-06-2014,33.5,19.6
15-06-2014,29.0,15.2
16-06-2014,26.4,13.6
17-06-2014,27.8,14.6
18-06-2014,31.0,16.2
19-06-2014,31.2,19.1
20-06-2014,29.4,19.0
21-06-2014,28.0,18.4
22-06-2014,29.0,16.5
23-06-2014,29.7,16.6
24-06-2014,19.8,17.0
25-06-2014,27.0,16.2
26-06-2014,26.2,15.5
27-06-2014,30.4,17.0
28-06-2014,29.6,17.0
29-06-2014,28.3,16.2
30-06-2014,29.9,16.2
01-07-2014,28.0,17.6
02-07-2014,27.3,14.6
03-07-2014,22.2,16.2
04-07-2014,28.7,13.4
05-07-2014,31.7,18.0
06-07-2014,26.1,17.5
07-07-2014,28.0,16.7
08-07-2014,30.0,15.8
09-07-2014,29.2,16.4
10-07-2014,29.0,13.2
11-07-2014,30.0,13.4
12-07-2014,31.2,15.4
13-07-2014,33.2,18.0
14-07-2014,35.0,20.8
15-07-2014,35.8,21.6
16-07-2014,37.2,22.8
17-07-2014,37.3,22.7
18-07-2014,35.0,23.4
19-07-2014,23.2,17.4
20-07-2014,26.2,16.0
21-07-2014,30.5,16.4
22-07-2014,34.0,18.8
23-07-2014,36.0,21.0
24-07-2014,35.3,22.7
25-07-2014,34.2,19.8
26-07-2014,35.3,21.5
27-07-2014,35.7,22.0
28-07-2014,35.7,22.0
29-07-2014,29.7,18.0
30-07-2014,31.6,15.5
31-07-2014,34.7,20.2
01-08-2014,28.0,20.0
02-08-2014,28.0,18.2
03-08-2014,29.2,17.6
04-08-2014,31.8,18.3
05-08-2014,33.5,21.0
06-08-2014,34.6,20.6
07-08-2014,34.9,21.2
08-08-2014,34.0,20.7
09-08-2014,32.0,21.0
10-08-2014,32.2,19.6
11-08-2014,32.7,20.0
12-08-2014,34.0,20.6
13-08-2014,29.4,18.4
14-08-2014,29.5,15.7
15-08-2014,31.2,17.4
16-08-2014,30.4,15.8
17-08-2014,32.2,17.5
18-08-2014,32.6,21.2
19-08-2014,32.8,19.2
20-08-2014,31.2,18.3
21-08-2014,30.5,18.3
22-08-2014,30.5,18.4
23-08-2014,30.7,16.7
24-08-2014,31.8,18.6
25-08-2014,34.0,18.3
26-08-2014,34.3,20.6
27-08-2014,34.7,20.1
28-08-2014,34.4,20.2
29-08-2014,33.0,20.0
30-08-2014,32.4,20.8
31-08-2014,33.6,21.6
01-09-2014,34.8,21.5
02-09-2014,36.4,22.4
03-09-2014,33.3,21.0
04-09-2014,30.6,19.0
05-09-2014,32.0,18.0
06-09-2014,29.4,18.6
07-09-2014,28.7,18.1
08-09-2014,29.6,17.5
09-09-2014,30.2,18.0
10-09-2014,30.7,19.6
11-09-2014,28.5,18.0
12-09-2014,30.0,16.6
13-09-2014,30.4,17.8
14-09-2014,28.5,16.8
15-09-2014,25.2,15.2
16-09-2014,27.3,16.8
17-09-2014,25.6,16.3
18-09-2014,24.0,15.4
19-09-2014,22.0,14.4
20-09-2014,24.6,15.0
21-09-2014,27.0,15.6
22-09-2014,23.5,14.3
23-09-2014,23.0,14.2
24-09-2014,21.4,13.6
25-09-2014,22.4,11.6
26-09-2014,23.5,13.5
27-09-2014,22.6,15.0
28-09-2014,19.5,15.0
29-09-2014,23.3,14.2
30-09-2014,25.5,13.6
01-10-2014,25.7,15.8
02-10-2014,24.6,16.6
03-10-2014,25.4,15.7
04-10-2014,26.1,14.5
05-10-2014,24.8,15.4
06-10-2014,23.7,12.8
07-10-2014,23.7,13.6
08-10-2014,23.5,14.3
09-10-2014,20.0,15.3
10-10-2014,19.2,14.0
11-10-2014,20.2,14.2
12-10-2014,18.8,12.2
13-10-2014,15.8,11.5
14-10-2014,15.8,9.6
15-10-2014,15.8,9.3
16-10-2014,20.7,15.2
17-10-2014,22.0,13.8
18-10-2014,25.4,13.8
19-10-2014,25.2,16.4
20-10-2014,24.7,15.2
21-10-2014,26.5,13.4
22-10-2014,23.5,15.2
23-10-2014,23.6,10.0
24-10-2014,26.0,13.3
25-10-2014,25.2,15.6
26-10-2014,24.5,14.4
27-10-2014,22.3,13.4
28-10-2014,20.5,11.8
29-10-2014,22.6,13.2
30-10-2014,23.5,12.6
31-10-2014,22.4,13.4
01-11-2014,20.3,11.4
02-11-2014,18.8,10.6
03-11-2014,14.7,10.0
04-11-2014,12.0,7.4
05-11-2014,13.2,5.4
06-11-2014,14.5,5.5
07-11-2014,17.2,10.1
08-11-2014,14.0,8.8
09-11-2014,12.6,5.0
10-11-2014,11.5,3.0
11-11-2014,11.6,7.0
12-11-2014,14.4,8.6
13-11-2014,15.5,8.5
14-11-2014,14.3,8.2
15-11-2014,11.7,6.6
16-11-2014,12.0,5.7
17-11-2014,13.4,5.4
18-11-2014,10.4,3.6
19-11-2014,14.5,7.1
20-11-2014,18.4,9.5
21-11-2014,15.4,8.8
22-11-2014,17.5,11.2
23-11-2014,16.4,13.0
24-11-2014,17.3,11.5
25-11-2014,16.0,9.6
26-11-2014,12.4,9.0
27-11-2014,11.5,7.8
28-11-2014,10.4,8.0
29-11-2014,10.6,8.0
30-11-2014,15.3,7.6
01-12-2014,16.2,8.0
02-12-2014,14.1,5.9
03-12-2014,10.4,6.2
04-12-2014,10.5,5.4
05-12-2014,11.5,4.2
06-12-2014,10.0,2.6
07-12-2014,10.4,1.7
08-12-2014,10.4,0.8
09-12-2014,10.4,3.2
10-12-2014,11.5,2.2
11-12-2014,11.8,2.0
12-12-2014,10.5,1.9
13-12-2014,11.8,5.0
14-12-2014,8.8,7.0
15-12-2014,11.0,5.6
16-12-2014,12.4,3.9
17-12-2014,12.6,4.0
18-12-2014,13.4,3.4
19-12-2014,12.2,3.3
20-12-2014,13.2,1.4
21-12-2014,12.2,5.2
22-12-2014,13.3,4.6
23-12-2014,11.2,3.8
24-12-2014,10.0,1.0
25-12-2014,11.2,3.0
26-12-2014,11.2,1.6
27-12-2014,8.8,2.1
28-12-2014,11.2,3.4
29-12-2014,8.9,1.6
30-12-2014,9.3,-1.9
31-12-2014,9.4,-1.6
01-01-2015,10.4,-1.0
02-01-2015,12.0,-1.0
03-01-2015,11.4,1.2
04-01-2015,14.0,1.4
05-01-2015,12.0,1.5
06-01-2015,9.8,0.8
07-01-2015,10.7,0.8
08-01-2015,12.3,0.4
09-01-2015,13.5,2.0
10-01-2015,12.6,1.7
11-01-2015,13.7,2.4
12-01-2015,11.8,3.6
13-01-2015,12.4,2.4
14-01-2015,8.2,2.4
15-01-2015,10.8,5.0
16-01-2015,8.0,2.6
17-01-2015,8.5,-1.1
18-01-2015,3.5,0.3
19-01-2015,7.2,0.6
20-01-2015,6.5,0.2
21-01-2015,5.6,0.8
22-01-2015,8.4,1.8
23-01-2015,9.8,0.4
24-01-2015,10.7,-1.4
25-01-2015,12.6,1.8
26-01-2015,12.9,0.5
27-01-2015,13.3,2.0
28-01-2015,12.8,1.3
29-01-2015,12.2,3.9
30-01-2015,15.4,9.6
31-01-2015,10.8,3.4
01-02-2015,8.0,1.8
02-02-2015,5.1,3.2
03-02-2015,9.6,2.0
04-02-2015,5.1,0.4
05-02-2015,5.6,0.6
06-02-2015,5.7,-0.4
07-02-2015,3.4,-1.0
08-02-2015,8.5,-1.7
09-02-2015,10.4,0.6
10-02-2015,9.0,2.8
11-02-2015,8.6,4.5
12-02-2015,11.6,4.2
13-02-2015,12.2,2.7
14-02-2015,12.3,6.7
15-02-2015,14.8,6.7
16-02-2015,13.1,6.0
17-02-2015,11.8,4.4
18-02-2015,10.8,3.7
19-02-2015,12.6,2.6
20-02-2015,11.3,2.1
21-02-2015,13.0,5.0
22-02-2015,13.8,2.2
23-02-2015,13.7,6.6
24-02-2015,11.5,4.2
25-02-2015,14.3,4.1
26-02-2015,13.4,6.6
27-02-2015,14.3,7.4
28-02-2015,16.4,3.8
01-03-2015,18.7,9.6
02-03-2015,18.1,8.1
03-03-2015,17.2,9.1
04-03-2015,15.2,5.0
05-03-2015,14.5,2.3
06-03-2015,18.3,4.6
07-03-2015,21.6,5.0
08-03-2015,22.2,6.1
09-03-2015,21.7,6.0
10-03-2015,22.6,8.2
11-03-2015,22.4,6.2
12-03-2015,21.5,8.0
13-03-2015,18.0,8.6
14-03-2015,13.7,4.4
15-03-2015,9.3,2.4
16-03-2015,12.5,1.2
17-03-2015,13.6,4.8
18-03-2015,9.1,3.2
19-03-2015,11.9,5.8
20-03-2015,13.1,8.2
21-03-2015,11.6,6.8
22-03-2015,12.5,7.7
23-03-2015,8.5,6.0
24-03-2015,14.0,6.1
25-03-2015,10.3,3.5
26-03-2015,14.7,2.5
27-03-2015,20.5,8.6
28-03-2015,25.0,8.6
29-03-2015,23.0,11.1
30-03-2015,26.7,13.0
31-03-2015,26.6,12.0
01-04-2015,22.3,9.8
02-04-2015,23.6,7.7
03-04-2015,24.0,12.3
04-04-2015,22.0,9.8
05-04-2015,23.7,9.0
06-04-2015,21.2,9.6
07-04-2015,18.3,8.2
08-04-2015,18.0,6.7
09-04-2015,10.8,6.1
10-04-2015,16.6,8.5
11-04-2015,22.0,9.8
12-04-2015,21.2,10.8
13-04-2015,23.0,12.7
14-04-2015,24.5,11.8
15-04-2015,18.8,11.4
16-04-2015,16.7,10.2
17-04-2015,20.0,11.6
18-04-2015,18.9,9.2
19-04-2015,18.8,7.2
20-04-2015,21.3,8.6
21-04-2015,22.1,12.0
22-04-2015,21.6,11.8
23-04-2015,23.6,10.4
24-04-2015,22.5,12.1
25-04-2015,18.8,11.6
26-04-2015,15.0,9.2
27-04-2015,16.6,8.0
28-04-2015,19.5,8.6
29-04-2015,20.8,10.6
30-04-2015,23.0,10.0
01-05-2015,23.7,12.9
02-05-2015,26.4,14.2
03-05-2015,21.4,16.8
04-05-2015,26.9,14.6
05-05-2015,21.0,11.5
06-05-2015,23.0,9.4
07-05-2015,28.2,11.1
08-05-2015,24.7,12.9
09-05-2015,28.2,13.0
10-05-2015,31.5,16.4
11-05-2015,32.4,17.2
12-05-2015,33.3,17.2
13-05-2015,35.5,19.5
14-05-2015,32.5,16.4
15-05-2015,23.0,11.8
16-05-2015,27.7,10.4
17-05-2015,30.0,13.6
18-05-2015,31.6,16.4
19-05-2015,22.8,10.4
20-05-2015,21.6,7.4
21-05-2015,22.3,8.4
22-05-2015,22.7,7.7
23-05-2015,23.8,9.5
24-05-2015,24.7,11.4
25-05-2015,25.8,13.7
26-05-2015,27.9,12.5
27-05-2015,29.3,13.3
28-05-2015,31.3,16.2
29-05-2015,30.4,17.1
30-05-2015,29.9,15.0
31-05-2015,30.8,16.3
01-06-2015,31.5,17.4
02-06-2015,32.6,18.4
03-06-2015,33.6,19.8
04-06-2015,32.3,19.2
05-06-2015,32.2,18.0
06-06-2015,34.0,19.4
07-06-2015,34.1,21.2
08-06-2015,33.0,19.8
09-06-2015,32.3,18.4
10-06-2015,27.3,17.0
11-06-2015,22.5,15.4
12-06-2015,23.0,14.5
13-06-2015,22.1,15.1
14-06-2015,22.4,12.6
15-06-2015,20.6,11.6
16-06-2015,25.4,12.6
17-06-2015,26.8,14.6
18-06-2015,30.0,14.7
19-06-2015,32.4,17.7
20-06-2015,33.7,17.3
21-06-2015,35.1,20.0
22-06-2015,34.0,22.0
23-06-2015,31.6,19.0
24-06-2015,30.4,17.4
25-06-2015,32.8,19.3
26-06-2015,35.4,19.9
27-06-2015,37.3,20.8
28-06-2015,38.8,22.2
29-06-2015,39.3,24.9
30-06-2015,38.4,24.6
01-07-2015,35.6,22.7
02-07-2015,33.0,22.2
03-07-2015,36.5,22.4
04-07-2015,36.7,23.2
05-07-2015,37.1,23.5
06-07-2015,39.6,24.0
07-07-2015,38.3,22.8
08-07-2015,38.2,24.1
09-07-2015,38.9,22.0
10-07-2015,37.4,22.7
11-07-2015,37.4,22.4
12-07-2015,37.5,23.2
13-07-2015,38.6,24.2
14-07-2015,39.5,24.4
15-07-2015,39.4,24.5
16-07-2015,38.3,24.2
17-07-2015,36.3,25.6
18-07-2015,33.6,23.4
19-07-2015,34.4,22.4
20-07-2015,36.8,23.4
21-07-2015,37.3,22.8
22-07-2015,34.2,24.0
23-07-2015,36.9,21.6
24-07-2015,34.3,21.8
25-07-2015,33.8,20.0
26-07-2015,36.3,22.0
27-07-2015,37.6,23.7
28-07-2015,38.0,23.0
29-07-2015,36.8,22.5
30-07-2015,34.3,22.0
31-07-2015,30.5,19.6
01-08-2015,31.7,17.6
02-08-2015,34.6,21.2
03-08-2015,35.5,23.0
04-08-2015,34.5,21.5
05-08-2015,35.5,21.6
06-08-2015,37.2,19.8
07-08-2015,35.4,20.4
08-08-2015,33.6,20.6
09-08-2015,33.3,16.2
10-08-2015,36.8,18.6
11-08-2015,34.0,21.3
12-08-2015,32.6,19.8
13-08-2015,27.5,16.7
14-08-2015,27.0,15.0
15-08-2015,28.2,17.6
16-08-2015,29.5,17.5
17-08-2015,31.7,19.6
18-08-2015,32.3,19.2
19-08-2015,32.4,18.2
20-08-2015,34.2,19.8
21-08-2015,33.1,22.0
22-08-2015,31.7,17.4
23-08-2015,26.0,18.0
24-08-2015,24.8,13.6
25-08-2015,29.0,14.4
26-08-2015,32.1,18.6
27-08-2015,32.3,18.2
28-08-2015,34.2,17.0
29-08-2015,34.8,22.0
30-08-2015,34.8,21.5
31-08-2015,28.0,19.8
01-09-2015,30.0,18.0
02-09-2015,29.5,19.2
03-09-2015,26.5,16.7
04-09-2015,26.0,16.1
05-09-2015,26.8,13.5
06-09-2015,27.1,16.6
07-09-2015,27.3,16.2
08-09-2015,27.7,14.0
09-09-2015,28.2,15.5
10-09-2015,28.0,17.4
11-09-2015,30.1,16.8
12-09-2015,27.4,19.0
13-09-2015,24.4,16.8
14-09-2015,24.2,13.8
15-09-2015,19.8,14.4
16-09-2015,21.7,14.4
17-09-2015,20.0,10.0
18-09-2015,23.8,11.2
19-09-2015,25.4,13.2
20-09-2015,28.1,14.5
21-09-2015,29.0,14.0
22-09-2015,28.4,13.7
23-09-2015,24.1,15.0
24-09-2015,27.1,14.1
25-09-2015,28.9,16.0
26-09-2015,28.0,16.6
27-09-2015,26.5,16.0
28-09-2015,24.2,13.8
29-09-2015,23.6,12.7
30-09-2015,23.4,15.3
01-10-2015,25.0,12.4
02-10-2015,25.5,14.0
03-10-2015,23.7,14.5
04-10-2015,22.0,15.5
05-10-2015,22.4,16.7
06-10-2015,20.7,14.0
07-10-2015,20.2,12.2
08-10-2015,22.0,11.6
09-10-2015,21.5,11.9
10-10-2015,22.3,10.8
11-10-2015,19.8,13.7
12-10-2015,21.8,14.6
13-10-2015,15.7,11.2
14-10-2015,17.2,7.4
15-10-2015,19.1,7.5
16-10-2015,20.0,8.0
17-10-2015,22.6,12.7
18-10-2015,18.3,13.6
19-10-2015,19.0,13.2
20-10-2015,20.0,11.4
21-10-2015,16.2,6.8
22-10-2015,18.8,7.2
23-10-2015,18.4,9.3
24-10-2015,20.1,11.6
25-10-2015,20.4,13.4
26-10-2015,18.2,13.0
27-10-2015,16.5,9.2
28-10-2015,15.3,8.5
29-10-2015,16.3,11.5
30-10-2015,20.3,10.9
31-10-2015,19.7,12.0
01-11-2015,19.0,14.1
02-11-2015,15.0,9.9
03-11-2015,13.8,9.2
04-11-2015,16.0,10.9
05-11-2015,17.3,12.0
06-11-2015,19.4,11.3
07-11-2015,21.4,11.5
08-11-2015,20.8,12.6
09-11-2015,20.6,10.9
10-11-2015,19.2,9.4
11-11-2015,19.3,8.4
12-11-2015,19.2,7.7
13-11-2015,19.2,8.2
14-11-2015,16.3,9.6
15-11-2015,17.2,7.2
16-11-2015,16.0,6.7
17-11-2015,15.5,5.7
18-11-2015,18.3,6.0
19-11-2015,19.0,8.5
20-11-2015,18.7,7.9
21-11-2015,15.9,4.4
22-11-2015,9.0,3.3
23-11-2015,10.2,2.7
24-11-2015,10.6,2.0
25-11-2015,15.8,7.6
26-11-2015,15.7,6.2
27-11-2015,15.8,7.0
28-11-2015,15.4,5.0
29-11-2015,12.6,2.4
30-11-2015,14.5,1.5
01-12-2015,14.0,2.6
02-12-2015,13.2,3.7
03-12-2015,14.7,4.3
04-12-2015,16.3,6.2
05-12-2015,16.6,6.8
06-12-2015,15.1,5.9
07-12-2015,11.7,7.0
08-12-2015,13.8,7.2
09-12-2015,14.5,8.4
10-12-2015,13.1,7.3
11-12-2015,13.5,8.5
12-12-2015,11.5,8.5
13-12-2015,12.2,5.1
14-12-2015,14.1,8.8
15-12-2015,15.3,8.0
16-12-2015,15.5,6.2
17-12-2015,14.8,6.0
18-12-2015,14.9,7.1
19-12-2015,15.4,6.3
20-12-2015,15.3,6.4
21-12-2015,13.3,5.0
22-12-2015,14.6,4.5
23-12-2015,14.2,4.6
24-12-2015,10.0,3.2
25-12-2015,13.2,2.9
26-12-2015,11.1,3.5
27-12-2015,13.5,5.4
28-12-2015,14.1,6.2
29-12-2015,10.6,5.6
30-12-2015,10.4,6.8
31-12-2015,12.2,9.2
01-01-2016,14.4,8.2
02-01-2016,11.4,5.0
03-01-2016,11.9,4.7
04-01-2016,13.5,6.8
05-01-2016,9.6,4.1
06-01-2016,8.9,1.4
07-01-2016,14.4,8.9
08-01-2016,12.9,10.4
09-01-2016,11.5,8.2
10-01-2016,12.0,8.5
11-01-2016,11.3,5.2
12-01-2016,10.6,3.1
13-01-2016,9.6,2.0
14-01-2016,8.6,3.8
15-01-2016,9.6,4.0
16-01-2016,8.3,0.6
17-01-2016,7.0,-0.9
18-01-2016,9.8,2.2
19-01-2016,8.8,2.7
20-01-2016,9.2,1.6
21-01-2016,9.0,4.6
22-01-2016,11.3,6.0
23-01-2016,16.2,8.2
24-01-2016,17.5,8.2
25-01-2016,16.4,8.0
26-01-2016,14.4,7.0
27-01-2016,10.1,7.0
28-01-2016,9.6,7.4
29-01-2016,10.6,6.5
30-01-2016,12.9,4.2
31-01-2016,14.8,7.0
01-02-2016,15.4,5.3
02-02-2016,14.2,5.8
03-02-2016,14.4,5.7
04-02-2016,11.2,3.5
05-02-2016,10.7,3.2
06-02-2016,11.5,2.5
07-02-2016,10.6,3.9
08-02-2016,12.2,5.5
09-02-2016,12.6,8.6
10-02-2016,14.3,8.5
11-02-2016,16.2,10.5
12-02-2016,13.5,8.8
13-02-2016,13.8,11.6
14-02-2016,12.0,4.4
15-02-2016,10.5,3.0
16-02-2016,8.5,0.7
17-02-2016,8.6,-2.5
18-02-2016,10.2,3.4
19-02-2016,11.0,1.5
20-02-2016,13.5,2.2
21-02-2016,13.7,4.2
22-02-2016,15.2,5.0
23-02-2016,15.0,4.9
24-02-2016,10.7,4.2
25-02-2016,13.0,4.4
26-02-2016,8.2,3.3
27-02-2016,8.2,2.6
28-02-2016,11.7,3.7
29-02-2016,13.4,2.9
01-03-2016,16.6,1.6
02-03-2016,18.5,4.1
03-03-2016,15.5,4.8
04-03-2016,15.2,4.4
05-03-2016,10.8,2.8
06-03-2016,11.3,2.0
07-03-2016,10.5,3.6
08-03-2016,10.9,3.8
09-03-2016,14.5,3.1
10-03-2016,11.4,3.0
11-03-2016,13.9,4.2
12-03-2016,13.7,1.5
13-03-2016,15.3,2.6
14-03-2016,13.1,2.5
15-03-2016,14.9,3.0
16-03-2016,16.4,2.7
17-03-2016,16.2,5.1
18-03-2016,14.0,4.6
19-03-2016,12.4,7.3
20-03-2016,13.7,4.5
21-03-2016,14.2,5.9
22-03-2016,14.6,5.6
23-03-2016,14.0,4.3
24-03-2016,19.0,3.1
25-03-2016,17.2,4.9
26-03-2016,15.6,6.2
27-03-2016,15.8,7.5
28-03-2016,13.5,8.4
29-03-2016,18.7,9.0
30-03-2016,22.5,7.8
31-03-2016,13.2,4.3
01-04-2016,14.4,4.5
02-04-2016,17.1,3.5
03-04-2016,14.6,8.2
04-04-2016,9.9,6.6
05-04-2016,16.0,7.0
06-04-2016,20.1,6.0
07-04-2016,20.4,6.7
08-04-2016,14.2,5.3
09-04-2016,18.8,5.3
10-04-2016,13.8,6.3
11-04-2016,13.5,4.8
12-04-2016,12.7,7.2
13-04-2016,15.8,7.0
14-04-2016,18.9,7.8
15-04-2016,19.4,8.2
16-04-2016,13.8,9.9
17-04-2016,17.4,7.1
18-04-2016,21.6,7.5
19-04-2016,14.5,10.5
20-04-2016,12.2,8.5
21-04-2016,17.4,8.2
22-04-2016,17.5,9.6
23-04-2016,18.5,9.1
24-04-2016,18.2,7.5
25-04-2016,20.6,5.8
26-04-2016,22.3,7.8
27-04-2016,21.6,11.0
28-04-2016,18.5,10.5
29-04-2016,19.2,10.4
30-04-2016,19.8,8.4
01-05-2016,18.0,4.5
02-05-2016,23.7,4.9
03-05-2016,26.5,10.6
04-05-2016,27.5,13.0
05-05-2016,20.8,14.5
06-05-2016,16.2,10.8
07-05-2016,16.6,10.6
08-05-2016,12.4,9.5
09-05-2016,13.7,8.5
10-05-2016,16.7,8.4
11-05-2016,15.8,7.0
12-05-2016,16.0,8.2
13-05-2016,16.6,8.3
14-05-2016,19.3,9.0
15-05-2016,20.3,13.0
16-05-2016,23.7,9.2
17-05-2016,25.0,12.0
18-05-2016,25.9,12.4
19-05-2016,26.2,12.8
20-05-2016,28.2,14.0
21-05-2016,29.2,15.5
22-05-2016,23.0,13.4
23-05-2016,22.1,10.3
24-05-2016,25.6,14.6
25-05-2016,20.8,14.2
26-05-2016,24.8,13.9
27-05-2016,25.6,12.7
28-05-2016,20.6,12.2
29-05-2016,19.9,11.3
30-05-2016,21.6,11.2
31-05-2016,24.1,10.8
01-06-2016,27.1,12.0
02-06-2016,28.5,12.5
03-06-2016,29.5,16.0
04-06-2016,27.4,14.6
05-06-2016,28.4,15.4
06-06-2016,29.4,16.0
07-06-2016,32.7,18.4
08-06-2016,34.2,19.2
09-06-2016,34.7,19.7
10-06-2016,31.0,19.4
11-06-2016,31.2,19.0
12-06-2016,31.5,17.2
13-06-2016,31.7,19.0
14-06-2016,29.2,16.2
15-06-2016,21.5,13.0
16-06-2016,19.7,10.8
17-06-2016,22.5,11.3
18-06-2016,24.5,13.7
19-06-2016,27.8,11.8
20-06-2016,32.3,14.6
21-06-2016,34.2,19.5
22-06-2016,35.3,19.7
23-06-2016,33.4,19.3
24-06-2016,34.4,20.2
25-06-2016,33.3,19.0
26-06-2016,32.0,17.0
27-06-2016,34.3,19.0
28-06-2016,35.8,21.3
29-06-2016,35.4,22.4
30-06-2016,34.3,21.2
01-07-2016,34.5,21.0
02-07-2016,36.0,21.2
03-07-2016,36.5,20.4
04-07-2016,34.9,22.4
05-07-2016,35.1,19.3
06-07-2016,34.4,19.2
07-07-2016,31.3,20.4
08-07-2016,34.4,21.3
09-07-2016,36.7,23.0
10-07-2016,38.4,24.4
11-07-2016,37.2,24.9
12-07-2016,34.4,22.0
13-07-2016,30.2,16.2
14-07-2016,30.5,13.0
15-07-2016,31.2,14.0
16-07-2016,34.0,19.4
17-07-2016,36.5,21.2
18-07-2016,38.6,21.6
19-07-2016,36.9,22.2
20-07-2016,35.4,24.4
21-07-2016,35.3,21.0
22-07-2016,33.2,20.4
23-07-2016,31.7,17.8
24-07-2016,33.2,19.2
25-07-2016,36.6,21.4
26-07-2016,38.0,23.3
27-07-2016,38.0,24.1
28-07-2016,37.4,23.2
29-07-2016,38.4,24.6
30-07-2016,35.7,24.4
31-07-2016,34.4,19.9
01-08-2016,34.7,20.6
02-08-2016,36.7,22.2
03-08-2016,37.9,23.3
04-08-2016,36.0,22.6
05-08-2016,33.0,20.6
06-08-2016,35.2,20.0
07-08-2016,36.2,19.7
08-08-2016,35.4,22.4
09-08-2016,35.3,19.7
10-08-2016,29.5,16.6
11-08-2016,31.0,15.9
12-08-2016,33.0,18.6
13-08-2016,34.2,20.6
14-08-2016,34.4,20.3
15-08-2016,34.1,21.3
16-08-2016,34.2,21.7
17-08-2016,33.6,20.0
18-08-2016,33.7,20.6
19-08-2016,34.9,20.4
20-08-2016,33.0,22.0
21-08-2016,32.5,18.2
22-08-2016,35.3,21.4
23-08-2016,36.0,23.2
24-08-2016,34.7,21.4
25-08-2016,34.5,20.6
26-08-2016,33.3,21.4
27-08-2016,35.5,22.3
28-08-2016,35.4,22.0
29-08-2016,34.5,21.5
30-08-2016,32.5,18.0
31-08-2016,33.3,20.5
01-09-2016,34.0,21.6
02-09-2016,34.1,20.2
03-09-2016,36.0,22.4
04-09-2016,37.0,22.2
05-09-2016,37.4,22.4
06-09-2016,38.9,22.4
07-09-2016,38.5,23.4
08-09-2016,33.4,20.4
09-09-2016,31.0,19.9
10-09-2016,32.0,20.5
11-09-2016,32.2,20.6
12-09-2016,33.4,20.1
13-09-2016,25.3,14.2
14-09-2016,18.2,13.2
15-09-2016,20.2,10.5
16-09-2016,24.5,12.6
17-09-2016,23.4,13.6
18-09-2016,23.8,11.6
19-09-2016,24.7,11.7
20-09-2016,26.5,15.2
21-09-2016,27.9,13.9
22-09-2016,27.6,13.0
23-09-2016,27.3,15.0
24-09-2016,27.1,15.0
25-09-2016,26.4,15.7
26-09-2016,26.4,17.0
27-09-2016,27.6,16.5
28-09-2016,25.0,15.4
29-09-2016,24.9,14.2
30-09-2016,25.6,14.7
01-10-2016,26.8,14.8
02-10-2016,26.2,13.5
03-10-2016,27.2,14.6
04-10-2016,27.4,15.4
05-10-2016,26.5,16.2
06-10-2016,27.6,15.6
07-10-2016,26.2,12.8
08-10-2016,25.7,12.6
09-10-2016,24.4,13.6
10-10-2016,24.4,12.2
11-10-2016,23.3,9.7
12-10-2016,14.4,11.0
13-10-2016,16.5,11.0
14-10-2016,18.4,11.0
15-10-2016,17.7,8.0
16-10-2016,19.9,10.3
17-10-2016,18.4,14.0
18-10-2016,19.7,13.2
19-10-2016,18.6,14.4
20-10-2016,18.2,13.6
21-10-2016,18.9,11.4
22-10-2016,16.3,12.8
23-10-2016,14.4,11.5
24-10-2016,14.5,10.4
25-10-2016,19.4,12.7
26-10-2016,22.8,13.8
27-10-2016,23.4,15.5
28-10-2016,21.6,14.3
29-10-2016,21.6,12.5
30-10-2016,22.9,9.0
31-10-2016,21.2,8.8
01-11-2016,17.8,8.5
02-11-2016,20.2,10.2
03-11-2016,21.0,10.9
04-11-2016,16.2,11.8
05-11-2016,15.3,7.6
06-11-2016,13.4,5.3
07-11-2016,10.6,4.0
08-11-2016,11.4,2.2
09-11-2016,15.5,6.5
10-11-2016,12.2,4.4
11-11-2016,13.6,4.0
12-11-2016,13.1,4.3
13-11-2016,17.1,7.2
14-11-2016,14.8,5.6
15-11-2016,14.8,5.6
16-11-2016,14.3,4.7
17-11-2016,16.0,5.0
18-11-2016,13.4,6.5
19-11-2016,12.0,4.4
20-11-2016,10.8,6.8
21-11-2016,12.0,7.0
22-11-2016,9.5,6.5
23-11-2016,8.4,4.3
24-11-2016,8.5,2.9
25-11-2016,5.9,3.4
26-11-2016,10.0,5.5
27-11-2016,10.9,8.2
28-11-2016,12.6,7.2
29-11-2016,12.0,6.8
30-11-2016,14.0,9.2
01-12-2016,11.2,9.4
02-12-2016,12.6,6.9
03-12-2016,11.7,6.2
04-12-2016,11.5,9.2
05-12-2016,14.0,9.6
06-12-2016,13.3,7.7
07-12-2016,12.7,5.0
08-12-2016,12.2,5.4
09-12-2016,13.0,6.0
10-12-2016,13.7,7.8
11-12-2016,13.0,4.6
12-12-2016,10.2,4.2
13-12-2016,9.9,3.4
14-12-2016,9.8,6.2
15-12-2016,10.3,7.2
16-12-2016,9.0,7.3
17-12-2016,12.6,8.2
18-12-2016,11.0,5.4
19-12-2016,10.4,3.1
20-12-2016,10.1,1.4
21-12-2016,12.0,3.8
22-12-2016,11.5,4.5
23-12-2016,12.5,5.1
24-12-2016,13.2,4.5
25-12-2016,11.4,3.0
26-12-2016,13.2,2.0
27-12-2016,14.5,5.0
28-12-2016,13.5,4.4
29-12-2016,12.2,1.6
30-12-2016,11.2,-1.2
31-12-2016,3.3,-2.4
01-01-2017,4.0,-0.6
02-01-2017,6.2,-0.8
03-01-2017,10.2,1.7
04-01-2017,11.5,2.2
05-01-2017,9.8,4.7
06-01-2017,9.8,1.1
07-01-2017,10.4,-0.3
08-01-2017,11.5,-0.5
09-01-2017,11.2,-0.4
10-01-2017,12.0,3.4
11-01-2017,16.0,4.8
12-01-2017,12.7,4.4
13-01-2017,10.5,4.0
14-01-2017,8.2,-0.5
15-01-2017,11.4,1.8
16-01-2017,11.8,0.5
17-01-2017,11.2,0.4
18-01-2017,5.0,-3.0
19-01-2017,7.0,-2.8
20-01-2017,8.4,3.0
21-01-2017,11.0,3.5
22-01-2017,9.5,-0.4
23-01-2017,11.4,3.2
24-01-2017,13.0,0.4
25-01-2017,10.5,-0.2
26-01-2017,8.2,-0.3
27-01-2017,7.0,3.2
28-01-2017,10.2,2.6
29-01-2017,9.1,4.9
30-01-2017,11.5,8.2
31-01-2017,13.8,7.7
01-02-2017,10.9,5.3
02-02-2017,12.1,7.3
03-02-2017,12.2,6.5
04-02-2017,14.2,9.0
05-02-2017,10.9,4.2
06-02-2017,15.4,6.1
07-02-2017,13.0,6.0
08-02-2017,9.8,2.8
09-02-2017,9.5,1.0
10-02-2017,5.8,2.3
11-02-2017,7.3,4.0
12-02-2017,12.0,6.2
13-02-2017,12.0,6.0
14-02-2017,11.8,3.8
15-02-2017,14.0,5.3
16-02-2017,11.3,6.3
17-02-2017,14.0,3.3
18-02-2017,13.6,4.0
19-02-2017,13.5,6.7
20-02-2017,13.6,4.8
21-02-2017,16.0,4.7
22-02-2017,18.5,7.0
23-02-2017,15.0,9.9
24-02-2017,16.6,8.0
25-02-2017,17.0,3.4
26-02-2017,14.2,6.4
27-02-2017,13.0,7.2
28-02-2017,12.4,6.8
01-03-2017,16.0,5.2
02-03-2017,16.3,5.8
03-03-2017,12.0,3.9
04-03-2017,9.6,1.0
05-03-2017,12.4,4.8
06-03-2017,18.8,9.4
07-03-2017,19.4,8.9
08-03-2017,21.6,7.8
09-03-2017,24.8,8.8
10-03-2017,26.1,9.8
11-03-2017,22.6,9.6
12-03-2017,19.0,7.2
13-03-2017,15.5,7.2
14-03-2017,19.5,10.1
15-03-2017,20.8,9.7
16-03-2017,20.4,7.0
17-03-2017,20.5,7.2
18-03-2017,21.5,7.2
19-03-2017,23.5,7.6
20-03-2017,24.2,11.0
21-03-2017,16.5,8.8
22-03-2017,12.2,2.9
23-03-2017,5.3,0.0
24-03-2017,9.5,1.3
25-03-2017,9.3,-0.4
26-03-2017,15.3,5.5
27-03-2017,13.8,6.6
28-03-2017,17.9,7.5
29-03-2017,20.3,6.5
30-03-2017,21.1,9.0
31-03-2017,19.7,11.0
01-04-2017,17.3,8.0
02-04-2017,19.0,6.7
03-04-2017,19.3,5.7
04-04-2017,22.0,7.0
05-04-2017,19.0,8.2
06-04-2017,21.5,8.0
07-04-2017,23.0,9.7
08-04-2017,23.2,10.0
09-04-2017,24.0,10.6
10-04-2017,25.3,10.6
11-04-2017,27.7,12.3
12-04-2017,28.2,12.0
13-04-2017,27.4,12.0
14-04-2017,25.4,13.0
15-04-2017,27.0,13.5
16-04-2017,26.0,11.0
17-04-2017,27.6,12.7
18-04-2017,27.5,14.0
19-04-2017,23.5,12.0
20-04-2017,19.5,9.4
21-04-2017,21.7,6.1
22-04-2017,21.7,6.1
23-04-2017,26.0,10.9
24-04-2017,27.0,12.6
25-04-2017,23.2,12.9
26-04-2017,20.5,6.3
27-04-2017,16.1,3.8
28-04-2017,17.8,3.3
29-04-2017,12.4,7.8
30-04-2017,14.4,7.7
01-05-2017,18.6,5.2
02-05-2017,23.7,9.2
03-05-2017,26.7,12.0
04-05-2017,26.0,14.2
05-05-2017,23.0,11.5
06-05-2017,21.6,9.5
07-05-2017,26.4,12.0
08-05-2017,28.8,14.7
09-05-2017,28.6,16.2
10-05-2017,23.0,12.8
11-05-2017,16.1,10.3
12-05-2017,17.8,10.4
13-05-2017,20.4,11.8
14-05-2017,23.2,10.8
15-05-2017,26.5,13.6
16-05-2017,29.8,16.5
17-05-2017,28.3,17.6
18-05-2017,20.2,12.6
19-05-2017,23.0,10.0
20-05-2017,26.7,11.4
21-05-2017,26.7,16.1
22-05-2017,28.8,15.2
23-05-2017,31.8,18.5
24-05-2017,32.0,17.5
25-05-2017,33.0,19.6
26-05-2017,33.7,18.6
27-05-2017,33.0,19.5
28-05-2017,27.3,19.4
29-05-2017,26.3,18.3
30-05-2017,27.0,16.4
31-05-2017,30.5,16.6
01-06-2017,32.1,18.4
02-06-2017,32.3,18.2
03-06-2017,28.6,17.7
04-06-2017,27.5,15.3
05-06-2017,26.6,12.4
06-06-2017,28.6,15.5
07-06-2017,31.8,16.9
08-06-2017,33.8,20.0
09-06-2017,32.8,20.8
10-06-2017,35.1,20.8
11-06-2017,37.2,22.8
12-06-2017,37.0,23.6
13-06-2017,36.2,22.8
14-06-2017,37.2,23.6
15-06-2017,39.0,24.0
16-06-2017,37.6,23.0
17-06-2017,40.0,25.5
18-06-2017,38.6,25.0
19-06-2017,33.5,21.0
20-06-2017,32.8,21.2
21-06-2017,36.3,21.6
22-06-2017,37.0,24.5
23-06-2017,36.2,21.7
24-06-2017,36.3,21.5
25-06-2017,35.3,18.8
26-06-2017,30.7,17.3
27-06-2017,29.0,18.5
28-06-2017,26.0,15.7
29-06-2017,23.7,12.8
30-06-2017,22.6,10.9
01-07-2017,25.0,12.6
02-07-2017,31.6,13.4
03-07-2017,34.0,18.0
04-07-2017,35.5,21.0
05-07-2017,35.5,21.2
06-07-2017,22.2,16.4
07-07-2017,25.3,15.9
08-07-2017,24.9,15.8
09-07-2017,31.5,16.6
10-07-2017,32.2,18.5
11-07-2017,33.7,18.7
12-07-2017,36.8,20.2
13-07-2017,39.7,22.7
14-07-2017,39.6,24.7
15-07-2017,37.5,23.0
16-07-2017,37.2,24.0
17-07-2017,35.1,24.0
18-07-2017,36.0,23.9
19-07-2017,32.6,22.2
20-07-2017,,
21-07-2017,31.8,18.8
22-07-2017,33.0,19.5
23-07-2017,34.2,20.5
24-07-2017,33.2,20.9
25-07-2017,31.3,17.0
26-07-2017,33.3,17.1
27-07-2017,37.5,22.4
28-07-2017,37.9,22.0
29-07-2017,37.7,22.5
30-07-2017,37.0,22.6
31-07-2017,34.6,21.4
01-08-2017,33.0,20.0
02-08-2017,,
03-08-2017,36.7,22.5
04-08-2017,37.5,23.6
05-08-2017,39.2,25.1
06-08-2017,36.5,22.2
07-08-2017,35.6,22.5
08-08-2017,30.2,17.7
09-08-2017,29.8,15.8
10-08-2017,27.0,12.5
11-08-2017,28.5,13.4
12-08-2017,32.4,17.6
13-08-2017,33.5,20.2
14-08-2017,35.0,21.3
15-08-2017,34.6,22.4
16-08-2017,34.6,20.6
17-08-2017,36.0,22.5
18-08-2017,36.6,23.6
19-08-2017,35.3,21.6
20-08-2017,35.7,22.0
21-08-2017,36.0,24.0
22-08-2017,36.6,24.1
23-08-2017,35.9,23.7
24-08-2017,35.5,22.3
25-08-2017,34.4,20.0
26-08-2017,30.8,21.1
27-08-2017,28.0,20.8
28-08-2017,22.4,16.8
29-08-2017,25.6,16.2
30-08-2017,26.5,17.7
31-08-2017,28.0,18.4
01-09-2017,28.0,17.0
02-09-2017,26.5,13.6
03-09-2017,31.2,17.0
04-09-2017,29.0,18.3
05-09-2017,31.0,19.2
06-09-2017,32.5,21.2
07-09-2017,30.0,18.5
08-09-2017,30.6,17.0
09-09-2017,23.5,16.1
10-09-2017,23.5,12.0
11-09-2017,31.0,15.6
12-09-2017,26.5,16.6
13-09-2017,30.7,16.7
14-09-2017,30.3,16.8
15-09-2017,22.8,14.0
16-09-2017,21.2,10.7
17-09-2017,24.0,11.0
18-09-2017,23.0,13.0
19-09-2017,25.5,13.0
20-09-2017,27.2,13.1
21-09-2017,29.0,15.4
22-09-2017,26.5,18.0
23-09-2017,26.8,15.7
24-09-2017,29.0,16.6
25-09-2017,27.8,15.5
26-09-2017,25.1,14.5
27-09-2017,25.0,15.0
28-09-2017,27.5,15.0
29-09-2017,27.6,17.0
30-09-2017,27.4,17.0
01-10-2017,26.0,17.4
02-10-2017,27.5,16.2
03-10-2017,29.4,17.5
04-10-2017,28.2,17.8
05-10-2017,29.0,17.4
06-10-2017,29.0,17.0
07-10-2017,25.5,13.3
08-10-2017,25.5,13.9
09-10-2017,26.8,13.6
10-10-2017,26.6,13.4
11-10-2017,26.6,12.9
12-10-2017,27.0,13.6
13-10-2017,28.0,15.7
14-10-2017,26.5,14.5
15-10-2017,27.1,16.8
16-10-2017,24.5,15.7
17-10-2017,20.3,14.3
18-10-2017,14.9,9.6
19-10-2017,16.9,8.6
20-10-2017,19.8,10.4
21-10-2017,21.8,12.3
22-10-2017,17.9,10.8
23-10-2017,20.5,9.0
24-10-2017,23.3,11.8
25-10-2017,23.4,11.5
26-10-2017,24.5,13.1
27-10-2017,26.9,14.5
28-10-2017,22.0,12.0
29-10-2017,21.5,10.0
30-10-2017,19.2,9.7
31-10-2017,18.3,9.9
01-11-2017,18.0,10.7
02-11-2017,19.2,12.5
03-11-2017,18.6,11.8
04-11-2017,14.6,11.0
05-11-2017,14.9,9.0
06-11-2017,14.0,5.8
07-11-2017,14.8,4.0
08-11-2017,14.3,6.2
09-11-2017,11.4,3.3
10-11-2017,16.0,3.6
11-11-2017,16.7,5.7
12-11-2017,16.3,5.2
13-11-2017,13.3,5.8
14-11-2017,13.5,2.6
15-11-2017,13.6,4.6
16-11-2017,17.0,3.4
17-11-2017,16.5,5.5
18-11-2017,17.5,7.2
19-11-2017,15.6,5.0
20-11-2017,15.6,4.5
21-11-2017,15.0,4.2
22-11-2017,14.5,5.0
23-11-2017,15.7,7.0
24-11-2017,16.1,10.0
25-11-2017,16.5,7.8
26-11-2017,11.4,3.8
27-11-2017,9.9,1.4
28-11-2017,8.4,3.0
29-11-2017,11.4,4.2
30-11-2017,8.6,1.5
01-12-2017,9.1,1.4
02-12-2017,6.5,-0.5
03-12-2017,8.5,0.0
04-12-2017,9.8,0.0
05-12-2017,10.2,0.5
06-12-2017,9.0,-0.8
07-12-2017,9.5,0.6
08-12-2017,11.2,2.5
09-12-2017,13.2,4.7
10-12-2017,11.5,8.7
11-12-2017,10.2,4.3
12-12-2017,8.7,0.5
13-12-2017,8.6,-0.3
14-12-2017,10.6,3.8
15-12-2017,12.5,4.2
16-12-2017,9.7,2.0
17-12-2017,9.7,1.5
18-12-2017,10.4,0.4
19-12-2017,11.6,4.3
20-12-2017,11.7,1.8
21-12-2017,11.5,3.0
22-12-2017,12.7,2.3
23-12-2017,12.7,2.5
24-12-2017,10.5,4.5
25-12-2017,5.6,2.4
26-12-2017,7.2,3.4
27-12-2017,10.6,5.6
28-12-2017,14.5,6.0
29-12-2017,16.0,7.5
30-12-2017,15.5,6.8
31-12-2017,11.6,6.7
01-01-2018,11.6,3.6
02-01-2018,13.4,7.5
03-01-2018,13.5,7.6
04-01-2018,13.7,7.8
05-01-2018,11.5,5.8
06-01-2018,6.1,2.0
07-01-2018,5.0,1.6
08-01-2018,7.0,0.7
09-01-2018,4.7,-1.4
10-01-2018,7.0,3.2
11-01-2018,8.8,2.9
12-01-2018,7.9,-0.3
13-01-2018,5.6,2.4
14-01-2018,6.7,2.5
15-01-2018,8.5,0.0
16-01-2018,12.5,2.0
17-01-2018,13.2,4.8
18-01-2018,12.8,2.7
19-01-2018,14.8,3.0
20-01-2018,12.0,3.8
21-01-2018,16.2,5.8
22-01-2018,14.1,5.3
23-01-2018,15.7,4.2
24-01-2018,13.5,4.7
25-01-2018,8.9,4.6
26-01-2018,9.2,2.6
27-01-2018,10.0,3.8
28-01-2018,13.4,3.5
29-01-2018,13.1,5.2
30-01-2018,12.5,4.0
31-01-2018,12.6,2.5
01-02-2018,10.8,2.3
02-02-2018,7.7,1.2
03-02-2018,10.3,0.2
04-02-2018,5.8,1.5
05-02-2018,2.8,0.8
06-02-2018,7.0,1.2
07-02-2018,7.5,-1.6
08-02-2018,7.0,-1.0
09-02-2018,8.5,-1.9
10-02-2018,9.1,2.3
11-02-2018,14.3,0.7
12-02-2018,11.1,2.5
13-02-2018,10.2,-0.8
14-02-2018,10.5,5.8
15-02-2018,10.9,6.0
16-02-2018,14.6,6.8
17-02-2018,14.7,6.7
18-02-2018,13.4,2.6
19-02-2018,15.0,6.5
20-02-2018,14.5,7.3
21-02-2018,12.0,3.2
22-02-2018,11.3,-0.5
23-02-2018,9.9,-1.3
24-02-2018,11.0,-0.3
25-02-2018,13.5,0.0
26-02-2018,16.0,1.7
27-02-2018,5.6,1.5
28-02-2018,12.0,3.6
01-03-2018,11.5,5.4
02-03-2018,8.5,4.2
03-03-2018,13.4,5.3
04-03-2018,13.0,5.4
05-03-2018,8.9,5.8
06-03-2018,10.7,4.2
07-03-2018,11.0,2.5
08-03-2018,10.9,4.5
09-03-2018,11.6,9.4
10-03-2018,11.9,7.5
11-03-2018,10.5,6.0
12-03-2018,13.2,6.5
13-03-2018,14.0,6.6
14-03-2018,13.1,6.6
15-03-2018,11.6,6.2
16-03-2018,11.7,4.6
17-03-2018,9.5,3.0
18-03-2018,12.8,4.0
19-03-2018,9.6,3.8
20-03-2018,10.0,2.6
21-03-2018,12.2,2.4
22-03-2018,13.5,-0.3
23-03-2018,14.2,4.5
24-03-2018,11.3,4.0
25-03-2018,13.9,5.2
26-03-2018,15.5,3.6
27-03-2018,20.6,8.5
28-03-2018,20.8,9.2
29-03-2018,15.8,8.5
30-03-2018,11.7,4.0
31-03-2018,14.5,3.2
01-04-2018,17.5,5.4
02-04-2018,19.4,9.4
03-04-2018,16.2,8.4
04-04-2018,16.0,7.4
05-04-2018,18.6,6.0
06-04-2018,17.5,9.8
07-04-2018,11.4,7.4
08-04-2018,15.5,5.2
09-04-2018,9.0,4.7
10-04-2018,7.6,3.1
11-04-2018,11.0,3.1
12-04-2018,11.4,5.3
13-04-2018,14.3,5.2
14-04-2018,16.5,5.2
15-04-2018,18.0,8.6
16-04-2018,17.6,7.0
17-04-2018,21.6,7.6
18-04-2018,24.7,12.2
19-04-2018,24.0,12.2
20-04-2018,22.5,12.3
21-04-2018,19.8,11.6
22-04-2018,22.9,13.0
23-04-2018,24.3,14.4
24-04-2018,26.4,14.6
25-04-2018,28.5,13.1
26-04-2018,26.5,14.0
27-04-2018,24.4,14.3
28-04-2018,18.7,10.2
29-04-2018,12.6,4.0
30-04-2018,12.5,4.0
01-05-2018,15.9,5.5
02-05-2018,17.8,6.4
03-05-2018,19.4,9.3
04-05-2018,20.5,7.5
05-05-2018,24.3,9.9
06-05-2018,24.0,12.8
07-05-2018,22.7,12.4
08-05-2018,25.2,12.5
09-05-2018,25.0,13.2
10-05-2018,23.9,13.5
11-05-2018,25.1,13.3
12-05-2018,20.2,10.5
13-05-2018,17.5,6.0
14-05-2018,19.4,10.4
15-05-2018,23.5,8.0
16-05-2018,25.0,11.8
17-05-2018,25.3,14.8
18-05-2018,23.2,14.2
19-05-2018,25.4,13.6
20-05-2018,22.5,13.3
21-05-2018,24.3,13.6
22-05-2018,24.6,12.6
23-05-2018,26.3,15.3
24-05-2018,27.7,15.7
25-05-2018,19.5,12.0
26-05-2018,22.0,11.8
27-05-2018,25.5,13.1
28-05-2018,17.8,13.2
29-05-2018,19.9,12.6
30-05-2018,18.6,11.0
31-05-2018,23.1,12.5
01-06-2018,23.8,13.6
02-06-2018,23.5,12.8
03-06-2018,23.8,11.7
04-06-2018,20.0,12.4
05-06-2018,19.8,12.0
06-06-2018,19.6,10.5
07-06-2018,23.4,12.0
08-06-2018,18.6,12.2
09-06-2018,20.7,11.7
10-06-2018,19.4,11.2
11-06-2018,21.0,12.5
12-06-2018,24.3,13.0
13-06-2018,25.5,13.7
14-06-2018,27.0,12.7
15-06-2018,30.7,15.3
16-06-2018,31.1,18.0
17-06-2018,32.3,17.9
18-06-2018,32.1,17.6
19-06-2018,32.5,17.3
20-06-2018,33.0,20.2
21-06-2018,33.3,20.5
22-06-2018,33.8,21.6
23-06-2018,35.5,21.5
24-06-2018,36.6,22.0
25-06-2018,36.2,22.9
26-06-2018,35.0,23.0
27-06-2018,31.9,21.9
28-06-2018,31.0,20.9
29-06-2018,31.6,20.5
30-06-2018,28.7,20.2
01-07-2018,28.0,18.6
02-07-2018,27.5,16.5
03-07-2018,30.7,16.2
04-07-2018,27.5,18.5
05-07-2018,28.0,17.0
06-07-2018,31.7,18.5
07-07-2018,33.6,21.4
08-07-2018,34.6,21.7
09-07-2018,34.5,21.8
10-07-2018,35.2,21.5
11-07-2018,33.2,21.4
12-07-2018,32.7,21.0
13-07-2018,33.5,21.7
14-07-2018,33.2,20.3
15-07-2018,29.6,19.0
16-07-2018,30.2,17.2
17-07-2018,33.5,19.2
18-07-2018,32.9,21.3
19-07-2018,32.9,19.4
20-07-2018,32.0,18.7
21-07-2018,30.5,17.4
22-07-2018,31.7,18.1
23-07-2018,34.7,20.5
24-07-2018,33.0,19.8
25-07-2018,34.6,19.9
26-07-2018,34.5,19.8
27-07-2018,34.5,19.0
28-07-2018,33.2,18.6
29-07-2018,32.6,19.8
30-07-2018,34.1,19.4
31-07-2018,35.3,21.1
01-08-2018,37.0,23.3
02-08-2018,38.5,24.6
03-08-2018,39.9,25.9
04-08-2018,38.6,23.4
05-08-2018,37.6,24.4
06-08-2018,36.9,24.4
07-08-2018,36.7,24.7
08-08-2018,34.6,21.2
09-08-2018,31.3,19.5
10-08-2018,31.3,17.5
11-08-2018,33.7,22.1
12-08-2018,35.0,23.3
13-08-2018,33.5,21.5
14-08-2018,33.0,19.6
15-08-2018,33.8,19.6
16-08-2018,32.0,23.0
17-08-2018,32.2,20.0
18-08-2018,30.4,16.8
19-08-2018,31.6,20.0
20-08-2018,32.5,20.7
21-08-2018,34.4,21.0
22-08-2018,32.8,21.9
23-08-2018,33.8,20.2
24-08-2018,33.0,20.6
25-08-2018,32.8,18.8
26-08-2018,31.5,17.4
27-08-2018,35.0,20.5
28-08-2018,33.8,22.3
29-08-2018,31.5,20.0
30-08-2018,32.2,20.5
31-08-2018,33.4,21.2
01-09-2018,33.6,21.0
02-09-2018,34.8,20.2
03-09-2018,31.3,22.3
04-09-2018,29.5,19.4
05-09-2018,27.8,18.3
06-09-2018,27.4,17.8
07-09-2018,28.5,16.0
08-09-2018,23.6,16.9
09-09-2018,26.3,15.8
10-09-2018,28.3,17.3
11-09-2018,28.5,17.6
12-09-2018,29.0,17.3
13-09-2018,32.2,18.6
14-09-2018,31.6,19.4
15-09-2018,30.0,20.2
16-09-2018,30.2,18.0
17-09-2018,30.8,18.6
18-09-2018,28.5,18.2
19-09-2018,30.4,18.0
20-09-2018,31.5,19.9
21-09-2018,31.3,18.9
22-09-2018,32.5,20.0
23-09-2018,33.5,20.8
24-09-2018,32.0,20.0
25-09-2018,29.3,17.2
26-09-2018,26.0,19.0
27-09-2018,26.4,15.7
28-09-2018,27.8,16.0
29-09-2018,27.9,16.8
30-09-2018,29.0,16.9
01-10-2018,25.0,14.6
02-10-2018,24.6,10.0
03-10-2018,26.0,15.0
04-10-2018,26.3,14.0
05-10-2018,25.9,14.8
06-10-2018,27.1,13.6
07-10-2018,19.5,11.2
08-10-2018,18.7,9.0
09-10-2018,19.5,10.7
10-10-2018,18.1,11.0
11-10-2018,20.5,13.8
12-10-2018,20.8,15.8
13-10-2018,24.2,15.0
14-10-2018,18.5,11.2
15-10-2018,15.4,9.2
16-10-2018,20.1,10.6
17-10-2018,21.5,11.5
18-10-2018,20.4,14.0
19-10-2018,17.0,12.7
20-10-2018,21.0,13.5
21-10-2018,21.2,14.4
22-10-2018,22.3,11.7
23-10-2018,20.5,13.0
24-10-2018,22.0,10.5
25-10-2018,22.6,10.5
26-10-2018,16.5,11.8
27-10-2018,12.4,5.1
28-10-2018,10.0,4.1
29-10-2018,10.4,3.7
30-10-2018,9.0,6.0
31-10-2018,12.0,5.8
01-11-2018,13.8,4.5
02-11-2018,18.0,9.3
03-11-2018,15.0,6.1
04-11-2018,15.4,4.5
05-11-2018,10.0,6.3
06-11-2018,11.8,6.0
07-11-2018,13.8,7.5
08-11-2018,12.6,7.0
09-11-2018,12.6,5.4
10-11-2018,13.5,9.6
11-11-2018,16.7,11.6
12-11-2018,14.0,10.3
13-11-2018,16.0,10.0
14-11-2018,16.0,10.0
15-11-2018,16.5,11.8
16-11-2018,15.8,12.1
17-11-2018,16.5,11.0
18-11-2018,13.7,9.3
19-11-2018,13.6,8.7
20-11-2018,12.0,8.0
21-11-2018,11.8,6.7
22-11-2018,12.0,5.8
23-11-2018,11.1,5.0
24-11-2018,9.2,3.0
25-11-2018,14.0,6.6
26-11-2018,12.0,7.0
27-11-2018,12.0,4.2
28-11-2018,11.1,3.4
29-11-2018,11.4,3.4
30-11-2018,11.0,4.7
01-12-2018,11.0,3.0
02-12-2018,8.8,4.5
03-12-2018,9.0,5.4
04-12-2018,15.2,4.2
05-12-2018,16.0,6.9
06-12-2018,15.5,5.5
07-12-2018,10.5,4.2
08-12-2018,13.0,5.4
09-12-2018,14.6,4.4
10-12-2018,14.2,3.9
11-12-2018,12.6,3.8
12-12-2018,8.6,4.5
13-12-2018,8.5,4.0
14-12-2018,10.5,3.0
15-12-2018,9.0,2.7
16-12-2018,12.5,5.6
17-12-2018,9.2,3.4
18-12-2018,8.0,2.5
19-12-2018,9.4,4.9
20-12-2018,10.8,5.4
21-12-2018,8.7,5.3
22-12-2018,9.0,6.2
23-12-2018,9.5,4.6
24-12-2018,13.2,3.2
25-12-2018,13.8,4.8
26-12-2018,12.4,4.3
27-12-2018,10.5,2.0
28-12-2018,12.7,1.5
29-12-2018,11.9,4.0
30-12-2018,14.2,3.2
31-12-2018,13.4,0.7
01-01-2019,11.7,1.4
02-01-2019,11.7,0.4
03-01-2019,11.8,2.8
04-01-2019,11.4,0.4
05-01-2019,10.8,-0.1
06-01-2019,13.8,-0.5
07-01-2019,13.7,0.5
08-01-2019,13.0,1.2
09-01-2019,13.2,2.0
10-01-2019,8.8,0.6
11-01-2019,7.4,-1.8
12-01-2019,9.5,-0.8
13-01-2019,10.8,-0.7
14-01-2019,12.6,1.0
15-01-2019,12.2,3.1
16-01-2019,10.0,1.4
17-01-2019,8.5,2.7
18-01-2019,7.6,-0.3
19-01-2019,4.4,-0.5
20-01-2019,9.5,3.3
21-01-2019,9.4,1.4
22-01-2019,8.0,0.7
23-01-2019,13.1,5.2
24-01-2019,14.6,8.7
25-01-2019,15.2,5.2
26-01-2019,12.6,2.2
27-01-2019,11.4,2.4
28-01-2019,13.0,3.7
29-01-2019,10.5,5.3
30-01-2019,10.1,4.2
31-01-2019,12.4,6.4
01-02-2019,9.4,3.5
02-02-2019,7.5,1.6
03-02-2019,8.2,-0.3
04-02-2019,10.9,-1.4
05-02-2019,14.5,1.7
06-02-2019,15.0,4.4
07-02-2019,15.0,3.0
08-02-2019,14.3,2.8
09-02-2019,11.8,2.9
10-02-2019,11.2,4.1
11-02-2019,13.0,5.7
12-02-2019,13.0,3.0
13-02-2019,14.5,4.4
14-02-2019,13.1,3.0
15-02-2019,14.6,3.4
16-02-2019,16.2,5.9
17-02-2019,15.0,4.0
18-02-2019,14.3,4.5
19-02-2019,14.0,5.4
20-02-2019,14.5,4.3
21-02-2019,16.2,5.2
22-02-2019,18.1,5.0
23-02-2019,18.1,3.7
24-02-2019,18.7,8.1
25-02-2019,18.5,6.4
26-02-2019,19.8,7.1
27-02-2019,19.8,7.0
28-02-2019,18.6,6.2
01-03-2019,19.5,6.8
02-03-2019,19.7,8.0
03-03-2019,20.2,6.1
04-03-2019,15.5,8.5
05-03-2019,15.2,8.7
06-03-2019,13.4,5.7
07-03-2019,12.1,3.2
08-03-2019,14.9,5.3
09-03-2019,18.0,5.0
10-03-2019,22.6,7.3
11-03-2019,19.3,10.0
12-03-2019,21.2,7.1
13-03-2019,14.5,7.5
14-03-2019,17.1,4.1
15-03-2019,22.8,6.0
16-03-2019,23.9,8.4
17-03-2019,19.7,7.8
18-03-2019,16.0,3.8
19-03-2019,16.0,6.3
20-03-2019,14.7,5.1
21-03-2019,15.0,4.8
22-03-2019,18.0,4.5
23-03-2019,20.6,7.6
24-03-2019,21.5,9.0
25-03-2019,22.7,10.0
26-03-2019,21.0,6.0
27-03-2019,18.5,5.5
28-03-2019,18.6,6.1
29-03-2019,18.2,6.6
30-03-2019,18.2,6.5
31-03-2019,12.0,9.2
01-04-2019,17.2,8.8
02-04-2019,18.0,7.4
03-04-2019,15.1,6.5
04-04-2019,14.0,2.5
05-04-2019,10.0,4.5
06-04-2019,12.1,2.9
07-04-2019,13.8,3.7
08-04-2019,17.0,6.9
09-04-2019,13.5,5.6
10-04-2019,15.7,6.5
11-04-2019,16.5,5.2
12-04-2019,19.5,4.0
13-04-2019,22.0,6.0
14-04-2019,24.0,10.0
15-04-2019,24.6,11.5
16-04-2019,22.0,7.9
17-04-2019,23.7,10.1
18-04-2019,13.0,9.1
19-04-2019,11.6,9.3
20-04-2019,19.5,9.4
21-04-2019,13.2,8.5
22-04-2019,19.0,8.0
23-04-2019,14.2,5.7
24-04-2019,11.4,5.4
25-04-2019,13.7,6.4
26-04-2019,18.0,7.2
27-04-2019,21.5,6.3
28-04-2019,24.0,11.0
29-04-2019,25.7,13.0
30-04-2019,26.0,13.5
01-05-2019,26.0,13.5
02-05-2019,25.4,13.0
03-05-2019,21.6,10.1
04-05-2019,22.3,7.2
05-05-2019,22.7,8.7
06-05-2019,25.0,9.0
07-05-2019,23.4,12.2
08-05-2019,19.3,13.1
09-05-2019,23.2,10.2
10-05-2019,24.7,14.8
11-05-2019,27.4,13.2
12-05-2019,26.9,10.0
13-05-2019,30.2,13.2
14-05-2019,28.5,13.6
15-05-2019,33.5,14.5
16-05-2019,30.0,11.0
17-05-2019,18.7,10.1
18-05-2019,18.7,8.0
19-05-2019,20.5,10.0
20-05-2019,21.7,9.7
21-05-2019,25.8,13.5
22-05-2019,28.2,13.2
23-05-2019,28.3,15.0
24-05-2019,25.6,13.2
25-05-2019,25.3,12.1
26-05-2019,27.5,10.8
27-05-2019,29.2,14.2
28-05-2019,27.0,13.4
29-05-2019,26.5,11.0
30-05-2019,30.3,14.0
31-05-2019,32.0,17.0
01-06-2019,33.1,17.2
02-06-2019,34.5,19.0
03-06-2019,32.8,20.3
04-06-2019,29.0,18.9
05-06-2019,22.1,12.7
06-06-2019,24.0,11.0
07-06-2019,22.0,9.0
08-06-2019,29.2,12.8
09-06-2019,27.7,14.2
10-06-2019,26.4,14.7
11-06-2019,21.0,14.0
12-06-2019,25.4,10.0
13-06-2019,28.5,14.4
14-06-2019,25.5,14.9
15-06-2019,25.7,12.0
16-06-2019,28.6,14.5
17-06-2019,32.0,16.0
18-06-2019,31.3,19.2
19-06-2019,27.0,18.0
20-06-2019,28.5,17.5
21-06-2019,29.6,17.7
22-06-2019,31.4,16.8
23-06-2019,33.4,18.5
24-06-2019,32.0,21.3
25-06-2019,34.2,19.3
26-06-2019,35.5,22.5
27-06-2019,38.5,22.7
28-06-2019,40.7,24.0
29-06-2019,40.0,24.5
30-06-2019,38.5,25.0
01-07-2019,36.3,23.8
02-07-2019,35.5,23.0
03-07-2019,35.2,22.0
04-07-2019,33.2,23.1
05-07-2019,33.7,21.6
06-07-2019,34.9,19.7
07-07-2019,34.5,19.5
08-07-2019,30.8,19.5
09-07-2019,30.1,17.5
10-07-2019,33.1,18.2
11-07-2019,37.0,20.8
12-07-2019,38.8,24.2
13-07-2019,35.0,24.1
14-07-2019,33.1,21.6
15-07-2019,35.6,20.4
16-07-2019,36.8,22.0
17-07-2019,34.2,22.6
18-07-2019,35.7,21.5
19-07-2019,37.1,23.1
20-07-2019,37.3,24.4
21-07-2019,38.0,23.8
22-07-2019,37.2,23.7
23-07-2019,38.0,23.7
24-07-2019,37.5,22.8
25-07-2019,36.3,24.4
26-07-2019,32.0,21.8
27-07-2019,27.0,19.0
28-07-2019,30.0,16.2
29-07-2019,33.3,19.7
30-07-2019,31.5,17.4
31-07-2019,33.8,18.4
01-08-2019,34.3,20.5
02-08-2019,35.6,22.4
03-08-2019,36.0,22.2
04-08-2019,36.0,21.3
05-08-2019,36.3,21.5
06-08-2019,35.4,21.1
07-08-2019,26.9,21.5
08-08-2019,33.5,19.5
09-08-2019,31.4,21.8
10-08-2019,31.6,19.0
11-08-2019,29.6,20.0
12-08-2019,27.4,15.5
13-08-2019,29.3,15.7
14-08-2019,32.7,18.0
15-08-2019,35.6,20.5
16-08-2019,36.0,22.1
17-08-2019,37.2,22.2
18-08-2019,35.0,20.6
19-08-2019,33.4,21.4
20-08-2019,30.0,20.2
21-08-2019,30.2,17.7
22-08-2019,31.0,17.0
23-08-2019,32.3,20.0
24-08-2019,33.6,20.5
25-08-2019,34.0,21.6
26-08-2019,26.4,15.4
27-08-2019,26.2,15.0
28-08-2019,30.2,18.4
29-08-2019,32.5,20.0
30-08-2019,34.2,20.0
31-08-2019,32.0,18.0
01-09-2019,31.9,20.5
02-09-2019,30.6,18.2
03-09-2019,31.5,18.8
04-09-2019,32.7,19.5
05-09-2019,27.7,15.5
06-09-2019,26.0,12.4
07-09-2019,27.5,14.0
08-09-2019,28.7,16.8
09-09-2019,29.8,16.5
10-09-2019,22.0,14.2
11-09-2019,26.0,14.4
12-09-2019,28.4,15.8
13-09-2019,20.7,14.7
14-09-2019,20.5,15.6
15-09-2019,22.0,15.5
16-09-2019,25.3,16.6
17-09-2019,28.4,17.0
18-09-2019,27.1,17.0
19-09-2019,29.0,17.5
20-09-2019,25.0,16.4
21-09-2019,21.5,14.6
22-09-2019,23.7,15.2
23-09-2019,23.0,12.0
24-09-2019,26.5,13.0
25-09-2019,23.9,14.0
26-09-2019,26.5,15.4
27-09-2019,28.2,14.8
28-09-2019,27.5,15.2
29-09-2019,29.9,15.2
30-09-2019,29.0,14.0
01-10-2019,26.5,14.0
02-10-2019,22.2,14.0
03-10-2019,24.2,11.8
04-10-2019,26.3,13.5
05-10-2019,26.0,14.3
06-10-2019,26.5,13.5
07-10-2019,26.6,15.0
08-10-2019,28.0,15.1
09-10-2019,27.0,16.0
10-10-2019,24.7,15.1
11-10-2019,25.3,16.0
12-10-2019,26.0,15.7
13-10-2019,22.6,15.2
14-10-2019,19.5,8.4
15-10-2019,16.3,7.0
16-10-2019,18.4,7.8
17-10-2019,15.9,9.7
18-10-2019,19.8,14.0
19-10-2019,17.0,11.3
20-10-2019,12.5,6.8
21-10-2019,14.4,6.3
22-10-2019,11.0,8.3
23-10-2019,10.2,7.0
24-10-2019,16.5,7.5
25-10-2019,18.6,8.2
26-10-2019,20.9,9.5
27-10-2019,20.9,10.6
28-10-2019,21.2,13.4
29-10-2019,17.6,11.0
30-10-2019,18.0,10.8
31-10-2019,21.7,14.2
01-11-2019,19.3,14.3
02-11-2019,18.6,13.2
03-11-2019,16.5,12.6
04-11-2019,16.6,8.7
05-11-2019,14.7,7.7
06-11-2019,13.7,7.4
07-11-2019,12.6,3.7
08-11-2019,12.4,4.3
09-11-2019,11.5,5.2
10-11-2019,9.6,4.5
11-11-2019,11.8,3.9
12-11-2019,12.6,4.2
13-11-2019,15.0,9.0
14-11-2019,10.2,4.9
15-11-2019,9.2,4.2
16-11-2019,9.9,1.5
17-11-2019,7.8,3.5
18-11-2019,10.5,3.0
19-11-2019,9.4,0.7
20-11-2019,8.6,3.2
21-11-2019,8.8,5.5
22-11-2019,11.4,6.4
23-11-2019,11.7,6.5
24-11-2019,11.8,6.0
25-11-2019,15.6,8.5
26-11-2019,13.4,9.5
27-11-2019,13.3,9.6
28-11-2019,11.7,8.0
29-11-2019,14.3,11.0
30-11-2019,14.9,8.5
01-12-2019,8.7,6.2
02-12-2019,10.8,5.3
03-12-2019,9.0,2.8
04-12-2019,11.6,5.4
05-12-2019,12.0,7.9
06-12-2019,12.5,6.7
07-12-2019,12.0,3.7
08-12-2019,7.0,4.1
09-12-2019,11.6,4.7
10-12-2019,8.0,3.9
11-12-2019,11.0,3.8
12-12-2019,9.7,4.5
13-12-2019,14.5,8.5
14-12-2019,12.5,6.8
15-12-2019,11.8,7.2
16-12-2019,14.2,6.8
17-12-2019,11.2,7.1
18-12-2019,9.5,4.0
19-12-2019,12.3,7.2
20-12-2019,12.8,10.7
21-12-2019,16.0,10.4
22-12-2019,13.5,9.0
23-12-2019,12.3,5.5
24-12-2019,14.0,5.9
25-12-2019,15.0,5.6
26-12-2019,14.5,6.1
27-12-2019,13.5,4.3
28-12-2019,13.9,2.5
29-12-2019,13.2,2.5
30-12-2019,11.5,2.5
31-12-2019,11.4,2.3
01-01-2020,11.2,1.9
02-01-2020,10.5,1.6
03-01-2020,6.0,1.5
04-01-2020,11.2,2.8
05-01-2020,10.9,1.5
06-01-2020,12.0,1.4
07-01-2020,12.0,0.8
08-01-2020,13.5,1.8
09-01-2020,11.5,4.0
10-01-2020,10.8,4.2
11-01-2020,10.4,2.0
12-01-2020,9.0,-0.7
13-01-2020,8.5,-0.5
14-01-2020,8.4,-0.5
15-01-2020,8.3,3.3
16-01-2020,12.8,7.2
17-01-2020,12.5,4.8
18-01-2020,8.5,5.3
19-01-2020,10.1,3.1
20-01-2020,5.7,1.7
21-01-2020,7.3,3.6
22-01-2020,10.0,4.4
23-01-2020,10.0,3.2
24-01-2020,9.2,6.2
25-01-2020,9.6,5.8
26-01-2020,10.1,3.0
27-01-2020,9.0,3.0
28-01-2020,12.4,8.0
29-01-2020,13.7,9.9
30-01-2020,11.8,8.4
31-01-2020,15.7,9.5
01-02-2020,17.5,10.4
02-02-2020,12.7,10.6
03-02-2020,17.4,8.1
04-02-2020,16.8,6.5
05-02-2020,13.0,4.7
06-02-2020,10.2,4.5
07-02-2020,11.6,5.2
08-02-2020,11.0,6.2
09-02-2020,11.4,7.5
10-02-2020,15.5,7.2
11-02-2020,13.0,7.5
12-02-2020,11.3,9.7
13-02-2020,14.3,7.8
14-02-2020,13.5,6.9
15-02-2020,15.4,4.9
16-02-2020,17.0,5.4
17-02-2020,14.0,6.8
18-02-2020,13.4,5.7
19-02-2020,14.2,3.9
20-02-2020,15.6,3.6
21-02-2020,18.3,3.9
22-02-2020,20.0,5.2
23-02-2020,20.2,7.6
24-02-2020,20.1,6.6
25-02-2020,19.0,5.6
26-02-2020,15.5,6.5
27-02-2020,18.5,6.4
28-02-2020,18.2,7.4
29-02-2020,13.2,7.4
01-03-2020,15.2,8.3
02-03-2020,12.7,6.3
03-03-2020,14.4,5.2
04-03-2020,19.2,10.6
05-03-2020,15.9,8.1
06-03-2020,13.0,6.2
07-03-2020,15.8,3.5
08-03-2020,15.2,3.5
09-03-2020,16.5,7.7
10-03-2020,22.3,7.4
11-03-2020,24.0,9.8
12-03-2020,24.0,12.5
13-03-2020,22.7,11.9
14-03-2020,21.8,10.6
15-03-2020,20.5,9.5
16-03-2020,10.2,3.9
17-03-2020,16.0,5.0
18-03-2020,16.3,10.3
19-03-2020,16.8,10.2
20-03-2020,12.5,9.2
21-03-2020,9.3,7.2
22-03-2020,13.0,6.7
23-03-2020,14.4,7.2
24-03-2020,15.6,8.5
25-03-2020,17.0,6.4
26-03-2020,15.9,4.0
27-03-2020,10.3,2.0
28-03-2020,15.7,2.6
29-03-2020,19.3,5.0
30-03-2020,10.8,0.5
31-03-2020,9.6,0.1
01-04-2020,13.5,5.7
02-04-2020,15.2,3.4
03-04-2020,17.7,5.0
04-04-2020,18.5,5.8
05-04-2020,19.4,8.9
06-04-2020,17.9,11.6
07-04-2020,17.3,10.6
08-04-2020,21.6,10.6
09-04-2020,15.2,11.0
10-04-2020,13.8,10.0
11-04-2020,18.3,11.2
12-04-2020,20.0,10.0
13-04-2020,18.2,7.6
14-04-2020,16.8,11.0
15-04-2020,15.3,8.4
16-04-2020,18.7,9.8
17-04-2020,17.8,10.5
18-04-2020,20.5,10.4
19-04-2020,18.1,9.2
20-04-2020,18.6,7.6
21-04-2020,14.9,7.8
22-04-2020,19.6,9.1
23-04-2020,20.0,12.4
24-04-2020,22.1,11.2
25-04-2020,23.0,11.6
26-04-2020,20.8,12.2
27-04-2020,17.3,9.9
28-04-2020,17.6,7.7
29-04-2020,19.7,7.1
30-04-2020,19.6,10.4
01-05-2020,21.9,10.9
02-05-2020,25.9,12.0
03-05-2020,28.8,12.4
04-05-2020,30.0,16.6
05-05-2020,23.7,12.9
06-05-2020,25.6,10.1
07-05-2020,26.1,14.8
08-05-2020,27.4,15.4
09-05-2020,23.2,13.0
10-05-2020,19.5,9.3
11-05-2020,19.4,10.3
12-05-2020,15.2,9.3
13-05-2020,18.8,9.3
14-05-2020,14.7,9.1
15-05-2020,18.9,9.8
16-05-2020,20.3,10.8
17-05-2020,22.4,9.7
18-05-2020,27.2,11.1
19-05-2020,29.3,13.1
20-05-2020,30.9,14.6
21-05-2020,31.5,15.2
22-05-2020,32.0,16.4
23-05-2020,32.5,17.9
24-05-2020,30.1,16.8
25-05-2020,30.9,17.2
26-05-2020,25.4,16.7
27-05-2020,30.0,17.0
28-05-2020,29.4,17.3
29-05-2020,30.6,15.7
30-05-2020,31.6,17.9
31-05-2020,30.7,15.4
01-06-2020,27.3,15.3
02-06-2020,28.5,17.5
03-06-2020,28.0,16.0
04-06-2020,22.9,14.9
05-06-2020,27.6,12.7
06-06-2020,27.1,15.6
07-06-2020,24.7,13.0
08-06-2020,22.6,10.9
09-06-2020,23.8,10.8
10-06-2020,25.5,11.6
11-06-2020,24.0,14.2
12-06-2020,20.9,10.0
13-06-2020,23.4,10.3
14-06-2020,25.5,12.9
15-06-2020,27.0,14.1
16-06-2020,25.6,15.8
17-06-2020,27.1,13.7
18-06-2020,28.9,15.8
19-06-2020,30.3,16.5
20-06-2020,32.0,16.5
21-06-2020,33.9,18.8
22-06-2020,34.4,19.1
23-06-2020,36.2,21.6
24-06-2020,31.3,22.7
25-06-2020,34.6,21.7
26-06-2020,31.2,20.8
27-06-2020,32.1,18.5
28-06-2020,34.4,20.0
29-06-2020,36.5,21.5
30-06-2020,37.0,22.1
01-07-2020,35.4,20.7
02-07-2020,33.0,20.8
03-07-2020,31.2,16.6
04-07-2020,33.4,18.8
05-07-2020,35.5,20.7
06-07-2020,36.7,22.5
07-07-2020,38.1,22.0
08-07-2020,35.1,24.0
09-07-2020,34.2,21.1
10-07-2020,33.1,18.9
11-07-2020,36.1,21.6
12-07-2020,32.8,21.4
13-07-2020,34.3,19.8
14-07-2020,33.5,19.7
15-07-2020,32.5,18.1
16-07-2020,34.1,18.4
17-07-2020,34.6,20.5
18-07-2020,34.8,19.0
19-07-2020,36.8,21.5
20-07-2020,36.6,20.4
21-07-2020,35.0,23.6
22-07-2020,31.7,16.6
23-07-2020,36.1,21.6
24-07-2020,35.7,22.0
25-07-2020,36.5,22.2
26-07-2020,38.0,23.0
27-07-2020,39.4,25.0
28-07-2020,35.6,23.4
29-07-2020,37.2,23.2
30-07-2020,39.2,23.5
31-07-2020,37.8,24.0
01-08-2020,37.5,21.5
02-08-2020,35.6,21.5
03-08-2020,31.0,17.0
04-08-2020,33.1,19.1
05-08-2020,35.0,20.5
06-08-2020,37.7,23.9
07-08-2020,38.2,25.2
08-08-2020,34.2,25.4
09-08-2020,37.6,24.8
10-08-2020,31.0,21.2
11-08-2020,24.4,15.0
12-08-2020,27.2,14.6
13-08-2020,29.4,16.9
14-08-2020,31.9,19.4
15-08-2020,29.5,17.3
16-08-2020,28.2,15.5
17-08-2020,27.5,15.7
18-08-2020,30.0,19.0
19-08-2020,32.3,18.5
20-08-2020,33.6,17.2
21-08-2020,31.6,20.4
22-08-2020,32.2,19.6
23-08-2020,32.8,19.4
24-08-2020,32.5,20.1
25-08-2020,35.6,21.0
26-08-2020,36.0,20.6
27-08-2020,36.4,21.6
28-08-2020,32.0,20.0
29-08-2020,23.3,14.1
30-08-2020,23.1,11.6
31-08-2020,25.0,12.1
01-09-2020,26.4,15.3
02-09-2020,29.0,15.2
03-09-2020,30.8,17.2
04-09-2020,31.6,18.8
05-09-2020,32.3,18.0
06-09-2020,32.4,19.9
07-09-2020,26.3,14.0
08-09-2020,26.3,13.1
09-09-2020,28.2,15.7
10-09-2020,29.9,17.9
11-09-2020,30.8,18.5
12-09-2020,31.6,19.1
13-09-2020,32.1,19.6
14-09-2020,28.8,19.6
15-09-2020,27.5,18.0
16-09-2020,30.0,18.8
17-09-2020,25.5,17.4
18-09-2020,20.6,15.0
19-09-2020,19.6,14.9
20-09-2020,21.7,16.1
21-09-2020,23.9,13.7
22-09-2020,24.4,13.1
23-09-2020,23.2,16.3
24-09-2020,21.7,14.5
25-09-2020,18.8,12.4
26-09-2020,20.0,9.3
27-09-2020,21.7,11.5
28-09-2020,21.9,9.1
29-09-2020,24.9,13.2
30-09-2020,25.5,11.6
01-10-2020,22.6,12.8
02-10-2020,15.9,9.4
03-10-2020,17.7,8.3
04-10-2020,17.4,8.0
05-10-2020,18.3,10.2
06-10-2020,24.3,9.9
07-10-2020,24.2,11.6
08-10-2020,23.8,14.5
09-10-2020,25.4,12.9
10-10-2020,23.1,12.4
11-10-2020,18.6,9.5
12-10-2020,18.2,9.4
13-10-2020,21.8,8.3
14-10-2020,16.5,9.4
15-10-2020,16.4,6.6
16-10-2020,14.7,4.6
17-10-2020,16.8,5.5
18-10-2020,19.6,7.6
19-10-2020,22.0,9.9
20-10-2020,17.7,11.9
21-10-2020,16.8,12.6
22-10-2020,16.1,11.3
23-10-2020,14.9,9.2
24-10-2020,14.8,7.6
25-10-2020,14.5,7.4
26-10-2020,13.0,6.0
27-10-2020,15.2,5.6
28-10-2020,12.9,8.1
29-10-2020,14.5,9.2
30-10-2020,18.1,7.8
31-10-2020,20.2,8.6
01-11-2020,19.4,9.3
02-11-2020,18.7,10.5
03-11-2020,14.9,10.1
04-11-2020,11.5,7.7
05-11-2020,12.5,8.1
06-11-2020,18.1,10.8
07-11-2020,14.8,9.4
08-11-2020,15.0,8.4
09-11-2020,14.5,9.7
10-11-2020,15.3,7.2
11-11-2020,14.0,7.4
12-11-2020,14.8,8.9
13-11-2020,15.2,9.3
14-11-2020,12.3,10.7
15-11-2020,15.6,11.5
16-11-2020,17.4,11.2
17-11-2020,13.5,8.4
18-11-2020,13.9,9.3
19-11-2020,19.4,8.0
20-11-2020,15.7,7.5
21-11-2020,13.5,6.4
22-11-2020,12.7,4.2
23-11-2020,13.9,4.5
24-11-2020,11.8,4.1
25-11-2020,11.5,5.4
26-11-2020,12.5,8.5
27-11-2020,11.2,7.4
28-11-2020,10.8,7.1
29-11-2020,11.3,6.4
30-11-2020,12.9,6.4
